ncRNA_Name,Index
hsa-let-7a-1,0
hsa-let-7a-2,1
hsa-let-7a-3,2
hsa-let-7b,3
hsa-let-7c,4
hsa-let-7d,5
hsa-let-7e,6
hsa-let-7f-1,7
hsa-let-7f-2,8
hsa-mir-16-1,9
hsa-mir-17,10
hsa-mir-18a,11
hsa-mir-19b-1,12
hsa-mir-20a,13
hsa-mir-22,14
hsa-mir-23a,15
hsa-mir-24-1,16
hsa-mir-24-2,17
hsa-mir-26a-1,18
hsa-mir-27a,19
hsa-mir-28,20
hsa-mir-29a,21
hsa-mir-30a,22
hsa-mir-31,23
hsa-mir-92a-1,24
hsa-mir-92a-2,25
hsa-mir-95,26
hsa-mir-29b-1,27
hsa-mir-29b-2,28
hsa-mir-103a-2,29
hsa-mir-105-1,30
hsa-mir-107,31
mmu-mir-126a,32
mmu-mir-142a,33
hsa-mir-192,34
mmu-mir-193a,35
hsa-mir-197,36
hsa-mir-199a-1,37
hsa-mir-129-1,38
hsa-mir-148a,39
hsa-mir-30c-2,40
hsa-mir-139,41
hsa-mir-147a,42
hsa-mir-7-1,43
hsa-mir-7-3,44
hsa-mir-10a,45
hsa-mir-10b,46
hsa-mir-34a,47
hsa-mir-181a-2,48
hsa-mir-181b-1,49
hsa-mir-181c,50
hsa-mir-183,51
hsa-mir-187,52
hsa-mir-196a-2,53
hsa-mir-199a-2,54
hsa-mir-204,55
hsa-mir-205,56
hsa-mir-210,57
hsa-mir-212,58
hsa-mir-181a-1,59
hsa-mir-214,60
hsa-mir-215,61
hsa-mir-217,62
hsa-mir-218-2,63
hsa-mir-219a-1,64
hsa-mir-221,65
hsa-mir-222,66
hsa-mir-223,67
hsa-let-7g,68
hsa-let-7i,69
hsa-mir-23b,70
hsa-mir-27b,71
hsa-mir-30b,72
hsa-mir-124-3,73
hsa-mir-125b-1,74
hsa-mir-132,75
hsa-mir-137,76
hsa-mir-138-2,77
hsa-mir-140,78
hsa-mir-142,79
hsa-mir-145,80
hsa-mir-152,81
hsa-mir-153-1,82
hsa-mir-153-2,83
hsa-mir-191,84
hsa-mir-9-1,85
hsa-mir-125b-2,86
hsa-mir-129-2,87
hsa-mir-134,88
hsa-mir-138-1,89
hsa-mir-146a,90
hsa-mir-149,91
hsa-mir-184,92
hsa-mir-188,93
hsa-mir-190a,94
hsa-mir-193a,95
hsa-mir-194-1,96
hsa-mir-195,97
hsa-mir-320a,98
mmu-let-7e,99
rno-mir-301a,100
hsa-mir-200c,101
hsa-mir-128-2,102
hsa-mir-106b,103
hsa-mir-29c,104
hsa-mir-30c-1,105
hsa-mir-302a,106
hsa-mir-219a-2,107
hsa-mir-34b,108
hsa-mir-99b,109
hsa-mir-130b,110
hsa-mir-30e,111
hsa-mir-26a-2,112
hsa-mir-361,113
hsa-mir-363,114
hsa-mir-365a,115
hsa-mir-365b,116
hsa-mir-376c,117
hsa-mir-369,118
hsa-mir-371a,119
hsa-mir-374a,120
hsa-mir-375,121
hsa-mir-376a-1,122
hsa-mir-378a,123
hsa-mir-379,124
hsa-mir-380,125
hsa-mir-381,126
hsa-mir-382,127
hsa-mir-340,128
hsa-mir-342,129
hsa-mir-323a,130
hsa-mir-326,131
hsa-mir-151a,132
hsa-mir-324,133
hsa-mir-338,134
hsa-mir-339,135
hsa-mir-133b,136
hsa-mir-345,137
hsa-mir-346,138
rno-mir-93,139
hsa-mir-196b,140
hsa-mir-422a,141
hsa-mir-423,142
hsa-mir-424,143
hsa-mir-450a-1,144
hcmv-mir-US25-2,145
hsa-mir-452,146
hsa-mir-409,147
hsa-mir-410,148
hsa-mir-376b,149
hsa-mir-483,150
hsa-mir-484,151
hsa-mir-485,152
hsa-mir-489,153
hsa-mir-146b,154
hsa-mir-494,155
hsa-mir-495,156
hsa-mir-193b,157
hsa-mir-497,158
hsa-mir-181d,159
hsa-mir-519e,160
hsa-mir-521-1,161
hsa-mir-522,162
hsa-mir-499a,163
hsa-mir-450a-2,164
hsa-mir-503,165
hsa-mir-504,166
hsa-mir-505,167
hsa-mir-509-1,168
hsa-mir-455,169
hsa-mir-539,170
hsa-mir-545,171
hsa-mir-487b,172
hsa-mir-92b,173
hsa-mir-556,174
hsa-mir-551b,175
hsa-mir-574,176
hsa-mir-582,177
hsa-mir-583,178
hsa-mir-584,179
hsa-mir-585,180
hsa-mir-548a-1,181
hsa-mir-586,182
hsa-mir-589,183
hsa-mir-598,184
hsa-mir-605,185
hsa-mir-615,186
hsa-mir-616,187
hsa-mir-625,188
hsa-mir-629,189
hsa-mir-33b,190
hsa-mir-637,191
hsa-mir-449b,192
hsa-mir-411,193
hsa-mir-654,194
hsa-mir-660,195
hsa-mir-421,196
hsa-mir-542,197
hsa-mir-758,198
hsa-mir-767,199
hsa-mir-1224,200
hsa-mir-320b-1,201
hsa-mir-1296,202
hsa-mir-1468,203
hsa-mir-1271,204
hsa-mir-1301,205
hsa-mir-449c,206
hsa-mir-769,207
hsa-mir-766,208
hsa-mir-1185-1,209
hsa-mir-762,210
hsa-mir-765,211
hsa-mir-770,212
hsa-mir-675,213
hsa-mir-891a,214
hsa-mir-509-2,215
hsa-mir-450b,216
hsa-mir-874,217
hsa-mir-892b,218
hsa-mir-889,219
hsa-mir-875,220
hsa-mir-876,221
hsa-mir-708,222
hsa-mir-744,223
hsa-mir-885,224
hsa-mir-873,225
hsa-mir-509-3,226
hsa-mir-933,227
hsa-mir-935,228
hsa-mir-936,229
hsa-mir-944,230
hsa-mir-1180,231
hsa-mir-1182,232
hsa-mir-1183,233
hsa-mir-1225,234
hsa-mir-1226,235
hsa-mir-1228,236
hsa-mir-1231,237
hsa-mir-1234,238
hsa-mir-663b,239
hsa-mir-1207,240
hsa-mir-1285-1,241
hsa-mir-1293,242
hsa-mir-1295a,243
hsa-mir-548l,244
hsa-mir-1305,245
hsa-mir-548f-1,246
hsa-mir-1246,247
hsa-mir-1247,248
hsa-mir-1260a,249
hsa-mir-1266,250
hsa-mir-302f,251
hsa-mir-1281,252
hsa-mir-1283-2,253
hsa-mir-1284,254
hsa-mir-1292,255
hsa-mir-1252,256
hsa-mir-1255b-2,257
hsa-mir-664a,258
hsa-mir-1307,259
hsa-mir-1469,260
hsa-mir-1537,261
hsa-mir-1909,262
hsa-mir-1910,263
hsa-mir-1973,264
hsa-mir-2110,265
hsa-mir-2116,266
hsa-mir-2276,267
hsa-mir-2861,268
hsa-mir-3119-2,269
hsa-mir-3124,270
hsa-mir-3126,271
hsa-mir-3127,272
hsa-mir-3128,273
hsa-mir-466,274
hsa-mir-3138,275
hsa-mir-3139,276
hsa-mir-3144,277
hsa-mir-3145,278
hsa-mir-3147,279
hsa-mir-3153,280
hsa-mir-3154,281
hsa-mir-3160-1,282
hsa-mir-3162,283
hsa-mir-323b,284
hsa-mir-3175,285
hsa-mir-3178,286
hsa-mir-3181,287
hsa-mir-3065,288
hsa-mir-3186,289
hsa-mir-320e,290
hsa-mir-3193,291
hsa-mir-3194,292
hsa-mir-3196,293
hsa-mir-3200,294
hsa-mir-3201,295
hsa-mir-378c,296
hsa-mir-4298,297
hsa-mir-4257,298
hsa-mir-4259,299
hsa-mir-4271,300
hsa-mir-4286,301
hsa-mir-3614,302
hsa-mir-3618,303
hsa-mir-3622a,304
hsa-mir-3648-1,305
hsa-mir-3660,306
hsa-mir-3661,307
hsa-mir-3663,308
hsa-mir-3664,309
hsa-mir-3675,310
hsa-mir-3679,311
hsa-mir-3681,312
hsa-mir-3911,313
hsa-mir-3922,314
hsa-mir-3934,315
hsa-mir-3935,316
hsa-mir-3936,317
hsa-mir-4423,318
hsa-mir-4431,319
hsa-mir-4443,320
hsa-mir-4446,321
hsa-mir-4449,322
hsa-mir-3135b,323
hsa-mir-4470,324
hsa-mir-4474,325
hsa-mir-4492,326
hsa-mir-4507,327
hsa-mir-4508,328
hsa-mir-4521,329
hsa-mir-4536-1,330
hsa-mir-4638,331
hsa-mir-4640,332
hsa-mir-4646,333
hsa-mir-4653,334
hsa-mir-4655,335
hsa-mir-4661,336
hsa-mir-4664,337
hsa-mir-4665,338
hsa-mir-4666a,339
hsa-mir-219b,340
hsa-mir-4671,341
hsa-mir-4673,342
hsa-mir-4676,343
hsa-mir-4677,344
hsa-mir-4682,345
hsa-mir-4684,346
hsa-mir-4685,347
hsa-mir-4687,348
hsa-mir-4695,349
hsa-mir-4700,350
hsa-mir-4701,351
hsa-mir-4707,352
hsa-mir-4711,353
hsa-mir-4713,354
hsa-mir-4716,355
hsa-mir-4722,356
hsa-mir-4723,357
hsa-mir-451b,358
hsa-mir-4725,359
hsa-mir-4726,360
hsa-mir-4728,361
hsa-mir-4731,362
hsa-mir-4732,363
hsa-mir-3064,364
hsa-mir-4745,365
hsa-mir-4749,366
hsa-mir-371b,367
hsa-mir-4758,368
hsa-mir-4763,369
hsa-mir-4768,370
hsa-mir-4783,371
hsa-mir-2467,372
hsa-mir-4787,373
hsa-mir-4788,374
hsa-mir-4791,375
hsa-mir-4798,376
hsa-mir-4800,377
hsa-mir-4803,378
hsa-mir-5001,379
hsa-mir-5188,380
hsa-mir-5584,381
hsa-mir-5696,382
hsa-mir-6501,383
hsa-mir-6513,384
hsa-mir-6720,385
hsa-mir-6734,386
hsa-mir-6737,387
hsa-mir-6739,388
hsa-mir-6751,389
hsa-mir-6759,390
hsa-mir-6761,391
hsa-mir-6765,392
hsa-mir-6768,393
hsa-mir-6772,394
hsa-mir-6784,395
hsa-mir-6787,396
hsa-mir-6795,397
hsa-mir-6811,398
hsa-mir-6812,399
hsa-mir-6817,400
hsa-mir-6819,401
hsa-mir-6824,402
hsa-mir-6840,403
hsa-mir-6850,404
hsa-mir-6856,405
hsa-mir-6858,406
hsa-mir-6880,407
hsa-mir-6881,408
hsa-mir-6882,409
hsa-mir-6893,410
hsa-mir-7108,411
hsa-mir-7113,412
hsa-mir-7705,413
hsa-mir-8077,414
hsa-let-7a-5p,415
hsa-let-7b-5p,416
hsa-let-7c-5p,417
hsa-let-7d-5p,418
hsa-let-7e-5p,419
hsa-let-7f-5p,420
hsa-miR-15a-5p,421
hsa-miR-16-5p,422
hsa-miR-17-5p,423
hsa-miR-17-3p,424
hsa-miR-18a-5p,425
hsa-miR-19a-3p,426
hsa-miR-19b-3p,427
hsa-miR-20a-5p,428
hsa-miR-21-5p,429
hsa-miR-22-3p,430
hsa-miR-23a-3p,431
hsa-miR-24-1-5p,432
hsa-miR-24-3p,433
hsa-miR-25-3p,434
hsa-miR-26a-5p,435
hsa-miR-26b-5p,436
hsa-miR-27a-3p,437
hsa-miR-28-5p,438
hsa-miR-29a-3p,439
hsa-miR-30a-5p,440
hsa-miR-30a-3p,441
hsa-miR-31-5p,442
hsa-miR-32-5p,443
hsa-miR-33a-5p,444
hsa-miR-92a-3p,445
hsa-miR-93-5p,446
hsa-miR-95-3p,447
hsa-miR-96-5p,448
hsa-miR-98-5p,449
hsa-miR-99a-5p,450
hsa-miR-100-5p,451
hsa-miR-101-3p,452
hsa-miR-29b-3p,453
hsa-miR-103a-3p,454
hsa-miR-105-5p,455
hsa-miR-106a-5p,456
hsa-miR-107,457
mmu-miR-15b-5p,458
mmu-miR-23b-3p,459
mmu-miR-27b-3p,460
mmu-miR-29b-3p,461
mmu-miR-30a-5p,462
mmu-miR-125a-5p,463
mmu-miR-125b-5p,464
mmu-miR-128-3p,465
mmu-miR-9-5p,466
mmu-miR-134-5p,467
mmu-miR-137-3p,468
mmu-miR-145a-5p,469
mmu-miR-146a-5p,470
mmu-miR-152-3p,471
mmu-miR-155-5p,472
mmu-miR-129-5p,473
mmu-miR-181a-5p,474
mmu-miR-182-5p,475
mmu-miR-185-5p,476
mmu-miR-24-3p,477
hsa-miR-192-5p,478
hsa-miR-196a-5p,479
hsa-miR-197-3p,480
hsa-miR-198,481
mmu-miR-199a-5p,482
hsa-miR-199a-5p,483
hsa-miR-199a-3p,484
mmu-miR-200b-3p,485
mmu-miR-205-5p,486
mmu-miR-206-3p,487
hsa-miR-208a-3p,488
hsa-miR-129-5p,489
hsa-miR-148a-3p,490
hsa-miR-30c-5p,491
hsa-miR-30d-5p,492
mmu-miR-122-5p,493
mmu-miR-143-3p,494
hsa-miR-139-5p,495
hsa-miR-147a,496
hsa-miR-7-5p,497
hsa-miR-10a-5p,498
hsa-miR-10b-5p,499
hsa-miR-34a-5p,500
hsa-miR-181a-5p,501
hsa-miR-181b-5p,502
hsa-miR-181c-5p,503
hsa-miR-182-5p,504
hsa-miR-182-3p,505
hsa-miR-183-5p,506
hsa-miR-187-3p,507
hsa-miR-199b-5p,508
hsa-miR-203a-3p,509
hsa-miR-204-5p,510
hsa-miR-205-5p,511
hsa-miR-210-3p,512
hsa-miR-211-5p,513
hsa-miR-212-3p,514
hsa-miR-181a-3p,515
hsa-miR-214-3p,516
hsa-miR-215-5p,517
hsa-miR-216a-5p,518
hsa-miR-217-5p,519
hsa-miR-218-5p,520
hsa-miR-219a-5p,521
hsa-miR-221-3p,522
hsa-miR-222-3p,523
hsa-miR-223-3p,524
hsa-miR-224-5p,525
hsa-miR-200b-3p,526
mmu-miR-297a-5p,527
hsa-let-7g-5p,528
hsa-let-7i-5p,529
hsa-miR-1-3p,530
hsa-miR-15b-5p,531
hsa-miR-23b-3p,532
hsa-miR-27b-3p,533
hsa-miR-30b-5p,534
hsa-miR-122-5p,535
hsa-miR-124-3p,536
hsa-miR-125b-5p,537
hsa-miR-128-3p,538
hsa-miR-130a-3p,539
hsa-miR-132-3p,540
hsa-miR-133a-3p,541
hsa-miR-135a-5p,542
hsa-miR-137-3p,543
hsa-miR-138-5p,544
hsa-miR-140-5p,545
hsa-miR-141-3p,546
hsa-miR-142-5p,547
hsa-miR-142-3p,548
hsa-miR-143-3p,549
hsa-miR-144-3p,550
hsa-miR-145-5p,551
hsa-miR-152-3p,552
hsa-miR-153-3p,553
hsa-miR-191-5p,554
hsa-miR-9-5p,555
hsa-miR-9-3p,556
hsa-miR-125a-5p,557
hsa-miR-126-5p,558
hsa-miR-126-3p,559
hsa-miR-127-3p,560
hsa-miR-134-5p,561
hsa-miR-136-5p,562
hsa-miR-146a-5p,563
hsa-miR-149-5p,564
hsa-miR-150-5p,565
hsa-miR-154-5p,566
hsa-miR-154-3p,567
hsa-miR-184,568
hsa-miR-185-5p,569
hsa-miR-186-5p,570
hsa-miR-188-5p,571
hsa-miR-190a-5p,572
hsa-miR-193a-3p,573
hsa-miR-194-5p,574
hsa-miR-195-5p,575
hsa-miR-206,576
hsa-miR-320a-3p,577
mmu-miR-30d-5p,578
mmu-let-7a-5p,579
mmu-let-7c-5p,580
mmu-miR-15a-5p,581
mmu-miR-16-5p,582
mmu-miR-20a-5p,583
mmu-miR-21a-5p,584
mmu-miR-22-3p,585
mmu-miR-23a-3p,586
mmu-miR-29c-3p,587
mmu-miR-27a-3p,588
mmu-miR-93-5p,589
mmu-miR-96-5p,590
mmu-miR-34a-5p,591
mmu-miR-103-3p,592
mmu-miR-322-5p,593
rno-miR-338-3p,594
mmu-miR-338-3p,595
mmu-miR-135b-5p,596
hsa-miR-200c-3p,597
hsa-miR-155-5p,598
mmu-miR-107-3p,599
mmu-miR-17-5p,600
mmu-miR-19a-3p,601
mmu-miR-25-3p,602
mmu-miR-100-5p,603
mmu-miR-200c-3p,604
mmu-miR-210-3p,605
mmu-miR-218-5p,606
mmu-miR-223-3p,607
mmu-miR-222-3p,608
mmu-miR-224-5p,609
mmu-miR-181b-5p,610
mmu-miR-7a-5p,611
mmu-miR-217-5p,612
hsa-miR-106b-5p,613
hsa-miR-29c-3p,614
hsa-miR-200a-3p,615
hsa-miR-302a-5p,616
hsa-miR-302a-3p,617
hsa-miR-34b-5p,618
hsa-miR-34c-5p,619
hsa-miR-299-3p,620
hsa-miR-301a-3p,621
hsa-miR-99b-5p,622
hsa-miR-296-5p,623
hsa-miR-130b-3p,624
hsa-miR-30e-5p,625
hsa-miR-30e-3p,626
hsa-miR-361-5p,627
hsa-miR-362-5p,628
hsa-miR-363-3p,629
hsa-miR-365a-3p,630
hsa-miR-302b-5p,631
hsa-miR-302b-3p,632
hsa-miR-302c-5p,633
hsa-miR-302c-3p,634
hsa-miR-302d-3p,635
hsa-miR-367-3p,636
hsa-miR-376c-3p,637
hsa-miR-369-3p,638
hsa-miR-370-3p,639
hsa-miR-371a-3p,640
hsa-miR-372-3p,641
hsa-miR-373-5p,642
hsa-miR-373-3p,643
hsa-miR-374a-5p,644
hsa-miR-375-3p,645
hsa-miR-376a-3p,646
hsa-miR-377-3p,647
hsa-miR-378a-5p,648
hsa-miR-378a-3p,649
hsa-miR-378,650
hsa-miR-379-5p,651
hsa-miR-380-5p,652
hsa-miR-380-3p,653
hsa-miR-381-3p,654
hsa-miR-382-5p,655
hsa-miR-383-5p,656
mmu-miR-375-3p,657
hsa-miR-340-3p,658
hsa-miR-330-3p,659
hsa-miR-328-3p,660
hsa-miR-342-3p,661
hsa-miR-337-3p,662
hsa-miR-323a-3p,663
hsa-miR-326,664
hsa-miR-151a-3p,665
hsa-miR-135b-5p,666
hsa-miR-148b-3p,667
hsa-miR-331-3p,668
hsa-miR-324-5p,669
hsa-miR-324-3p,670
hsa-miR-338-3p,671
hsa-miR-339-5p,672
hsa-miR-335-5p,673
hsa-miR-133b,674
hsa-miR-325,675
hsa-miR-345-5p,676
hsa-miR-346,677
rno-miR-10a-5p,678
rno-miR-16-5p,679
rno-miR-23a-3p,680
rno-miR-26b-5p,681
rno-miR-124-3p,682
rno-miR-145-5p,683
rno-miR-146a-5p,684
rno-miR-196a-5p,685
rno-miR-218a-5p,686
rno-miR-219a-5p,687
ebv-miR-BHRF1-2-5p,688
ebv-miR-BHRF1-3,689
hsa-miR-384,690
hsa-miR-196b-5p,691
hsa-miR-422a,692
hsa-miR-423-3p,693
hsa-miR-424-5p,694
hsa-miR-425-3p,695
hsa-miR-18b-5p,696
hsa-miR-20b-5p,697
hsa-miR-448,698
hsa-miR-429,699
hsa-miR-449a,700
mmu-miR-449a-5p,701
hsa-miR-450a-5p,702
rno-miR-365-3p,703
hsa-miR-191-3p,704
hsa-miR-200a-5p,705
hsa-miR-369-5p,706
hsa-miR-431-5p,707
hsa-miR-433-3p,708
hsa-miR-329-3p,709
hsa-miR-323b-5p,710
hsa-miR-451a,711
mmu-miR-451a,712
hsa-miR-452-5p,713
hsa-miR-409-5p,714
hsa-miR-409-3p,715
mmu-miR-468-3p,716
hsa-miR-412-3p,717
hsa-miR-410-3p,718
hsa-miR-376b-3p,719
hsa-miR-483-3p,720
hsa-miR-484,721
hsa-miR-485-5p,722
hsa-miR-485-3p,723
hsa-miR-486-5p,724
hsa-miR-487a-3p,725
kshv-miR-K12-10a-3p,726
kshv-miR-K12-4-5p,727
kshv-miR-K12-3-5p,728
hsa-miR-489-3p,729
hsa-miR-490-3p,730
hsa-miR-491-5p,731
hsa-miR-146b-5p,732
hsa-miR-202-5p,733
hsa-miR-202-3p,734
hsa-miR-492,735
hsa-miR-493-5p,736
hsa-miR-432-5p,737
hsa-miR-432-3p,738
hsa-miR-494-3p,739
hsa-miR-495-3p,740
hsa-miR-496,741
hsa-miR-193b-3p,742
hsa-miR-497-5p,743
hsa-miR-181d-5p,744
hsa-miR-512-5p,745
hsa-miR-512-3p,746
hsa-miR-498-5p,747
hsa-miR-520e-3p,748
hsa-miR-515-5p,749
hsa-miR-515-3p,750
hsa-miR-519e-5p,751
hsa-miR-519e-3p,752
hsa-miR-520f-3p,753
hsa-miR-519c-5p,754
hsa-miR-519c-3p,755
hsa-miR-520a-5p,756
hsa-miR-520a-3p,757
hsa-miR-526b-5p,758
hsa-miR-526b-3p,759
hsa-miR-519b-3p,760
hsa-miR-525-5p,761
hsa-miR-523-3p,762
hsa-miR-518f-5p,763
hsa-miR-518f-3p,764
hsa-miR-520b-3p,765
hsa-miR-518b,766
hsa-miR-526a-5p,767
hsa-miR-520c-3p,768
hsa-miR-518c-5p,769
hsa-miR-518c-3p,770
hsa-miR-524-5p,771
hsa-miR-524-3p,772
hsa-miR-517-5p,773
hsa-miR-517a-3p,774
hsa-miR-519d-3p,775
hsa-miR-521,776
hsa-miR-520d-5p,777
hsa-miR-520d-3p,778
hsa-miR-517b-3p,779
hsa-miR-520g-3p,780
hsa-miR-516b-5p,781
hsa-miR-516b-3p,782
hsa-miR-518e-3p,783
hsa-miR-518a-3p,784
hsa-miR-518d-3p,785
hsa-miR-517c-3p,786
hsa-miR-520h,787
hsa-miR-522-3p,788
hsa-miR-519a-3p,789
hsa-miR-499a-5p,790
hsa-miR-500a-3p,791
hsa-miR-501-5p,792
hsa-miR-502-5p,793
hsa-miR-503-5p,794
hsa-miR-504-5p,795
hsa-miR-505-3p,796
hsa-miR-513a-5p,797
hsa-miR-506-3p,798
hsa-miR-507,799
hsa-miR-508-3p,800
hsa-miR-509-3p,801
hsa-miR-510-5p,802
hsa-miR-514a-3p,803
hsa-miR-532-5p,804
hsa-miR-299-5p,805
hsa-miR-18a-3p,806
mmu-miR-489-3p,807
mmu-miR-484,808
hsa-miR-455-5p,809
hsa-miR-493-3p,810
hsa-miR-493,811
hsa-miR-539-5p,812
hsa-miR-544a,813
hsa-miR-545-3p,814
hsa-miR-487b-3p,815
mmu-miR-494-3p,816
mmu-miR-20b-5p,817
rno-miR-485-5p,818
hsa-miR-551a,819
hsa-miR-552-3p,820
hsa-miR-553,821
hsa-miR-554,822
hsa-miR-92b-3p,823
hsa-miR-555,824
hsa-miR-556-5p,825
hsa-miR-557,826
hsa-miR-558,827
hsa-miR-559,828
hsa-miR-561-3p,829
hsa-miR-562,830
hsa-miR-563,831
hsa-miR-564,832
hsa-miR-566,833
hsa-miR-567,834
hsa-miR-568,835
hsa-miR-551b-3p,836
hsa-miR-569,837
hsa-miR-570-3p,838
hsa-miR-571,839
hsa-miR-572,840
hsa-miR-573,841
hsa-miR-574-3p,842
hsa-miR-575,843
hsa-miR-576-5p,844
hsa-miR-577,845
hsa-miR-578,846
hsa-miR-579-3p,847
hsa-miR-580-3p,848
hsa-miR-581,849
hsa-miR-582-5p,850
hsa-miR-583,851
hsa-miR-584-5p,852
hsa-miR-585-3p,853
hsa-miR-548a-3p,854
hsa-miR-586,855
hsa-miR-587,856
hsa-miR-548b-3p,857
hsa-miR-588,858
hsa-miR-589-3p,859
hsa-miR-550a-3p,860
hsa-miR-590-5p,861
hsa-miR-591,862
hsa-miR-592,863
hsa-miR-593-5p,864
hsa-miR-595,865
hsa-miR-596,866
hsa-miR-597-5p,867
hsa-miR-598-3p,868
hsa-miR-599,869
hsa-miR-601,870
hsa-miR-602,871
hsa-miR-603,872
hsa-miR-604,873
hsa-miR-605-5p,874
hsa-miR-606,875
hsa-miR-608,876
hsa-miR-609,877
hsa-miR-610,878
hsa-miR-611,879
hsa-miR-612,880
hsa-miR-613,881
hsa-miR-614,882
hsa-miR-615-3p,883
hsa-miR-548c-3p,884
hsa-miR-617,885
hsa-miR-618,886
hsa-miR-619-3p,887
hsa-miR-620,888
hsa-miR-621,889
hsa-miR-622,890
hsa-miR-623,891
hsa-miR-624-5p,892
hsa-miR-625-5p,893
hsa-miR-627-5p,894
hsa-miR-628-3p,895
hsa-miR-629-3p,896
hsa-miR-630,897
hsa-miR-631,898
hsa-miR-33b-5p,899
hsa-miR-632,900
hsa-miR-633,901
hsa-miR-634,902
hsa-miR-635,903
hsa-miR-636,904
hsa-miR-637,905
hsa-miR-638,906
hsa-miR-639,907
hsa-miR-640,908
hsa-miR-641,909
hsa-miR-642a-5p,910
hsa-miR-643,911
hsa-miR-644a,912
hsa-miR-645,913
hsa-miR-647,914
hsa-miR-648,915
hsa-miR-649,916
hsa-miR-650,917
hsa-miR-651-5p,918
hsa-miR-652-3p,919
hsa-miR-548d-3p,920
hsa-miR-661,921
hsa-miR-662,922
hsa-miR-663a,923
hsa-miR-449b-5p,924
hsa-miR-653-5p,925
hsa-miR-411-5p,926
hsa-miR-654-5p,927
hsa-miR-655-3p,928
hsa-miR-656-3p,929
hsa-miR-549a-3p,930
hsa-miR-657,931
hsa-miR-658,932
hsa-miR-659-3p,933
hsa-miR-660-5p,934
hsa-miR-421,935
hsa-miR-542-5p,936
hcmv-miR-UL70-5p,937
sv40-miR-S1-5p,938
mmu-miR-302d-3p,939
hsa-miR-363-5p,940
hsa-miR-376a-5p,941
hsa-miR-542-3p,942
hsa-miR-425,943
hsa-miR-425-5p,944
ebv-miR-BART3-3p,945
ebv-miR-BART13-3p,946
ebv-miR-BART14-5p,947
mmu-miR-491-5p,948
mmu-miR-703,949
kshv-miR-K12-12-5p,950
ebv-miR-BART16,951
ebv-miR-BART20-5p,952
mmu-miR-374b-5p,953
mmu-miR-592-5p,954
mmu-miR-671-5p,955
bta-miR-132,956
bta-miR-181c,957
hsa-miR-758-3p,958
hsa-miR-671-5p,959
hsa-miR-668-3p,960
hsa-miR-767-5p,961
hsa-miR-767-3p,962
hsa-miR-454-3p,963
hsa-miR-769-5p,964
hsa-miR-769-3p,965
hsa-miR-766-3p,966
hsa-miR-765,967
hsa-miR-770-5p,968
hsa-miR-802,969
mmu-miR-744-5p,970
hsa-miR-675-5p,971
hsa-miR-297,972
hsa-let-7a-3p,973
hsa-let-7b-3p,974
hsa-let-7d-3p,975
hsa-let-7e-3p,976
hsa-let-7f-1-3p,977
hsa-let-7f-2-3p,978
hsa-miR-15a-3p,979
hsa-miR-16-1-3p,980
hsa-miR-19a-5p,981
hsa-miR-19b-1-5p,982
hsa-miR-20a-3p,983
hsa-miR-21-3p,984
hsa-miR-22-5p,985
hsa-miR-23a-5p,986
hsa-miR-24-2-5p,987
hsa-miR-25-5p,988
hsa-miR-26a-1-3p,989
hsa-miR-26b-3p,990
hsa-miR-27a-5p,991
hsa-miR-28-3p,992
hsa-miR-29a-5p,993
hsa-miR-31-3p,994
hsa-miR-32-3p,995
hsa-miR-33a-3p,996
hsa-miR-92a-1-5p,997
hsa-miR-92a-2-5p,998
hsa-miR-93-3p,999
hsa-miR-96-3p,1000
hsa-miR-99a-3p,1001
hsa-miR-100-3p,1002
hsa-miR-101-5p,1003
hsa-miR-29b-1-5p,1004
hsa-miR-29b-2-5p,1005
hsa-miR-105-3p,1006
hsa-miR-106a-3p,1007
hsa-miR-16-2-3p,1008
hsa-miR-192-3p,1009
hsa-miR-129-1-3p,1010
hsa-miR-148a-5p,1011
hsa-miR-30c-2-3p,1012
hsa-miR-30d-3p,1013
hsa-miR-139-3p,1014
hsa-miR-7-1-3p,1015
hsa-miR-7-2-3p,1016
hsa-miR-10a-3p,1017
hsa-miR-10b-3p,1018
hsa-miR-34a-3p,1019
hsa-miR-181c-3p,1020
hsa-miR-183-3p,1021
hsa-miR-187-5p,1022
hsa-miR-196a-3p,1023
hsa-miR-199b-3p,1024
hsa-miR-214-5p,1025
hsa-miR-218-1-3p,1026
hsa-miR-218-2-3p,1027
hsa-miR-219a-1-3p,1028
hsa-miR-221-5p,1029
hsa-miR-222-5p,1030
hsa-miR-200b-5p,1031
mmu-miR-106b-3p,1032
hsa-let-7i-3p,1033
hsa-miR-15b-3p,1034
hsa-miR-23b-5p,1035
hsa-miR-27b-5p,1036
hsa-miR-30b-3p,1037
hsa-miR-122-3p,1038
hsa-miR-124-5p,1039
hsa-miR-125b-1-3p,1040
hsa-miR-130a-5p,1041
hsa-miR-132-5p,1042
hsa-miR-135a-3p,1043
hsa-miR-138-2-3p,1044
hsa-miR-140-3p,1045
hsa-miR-141-5p,1046
hsa-miR-143-5p,1047
hsa-miR-144-5p,1048
hsa-miR-145-3p,1049
hsa-miR-125a-3p,1050
hsa-miR-125b-2-3p,1051
hsa-miR-127-5p,1052
hsa-miR-129-2-3p,1053
hsa-miR-136-3p,1054
hsa-miR-138-1-3p,1055
hsa-miR-146a-3p,1056
hsa-miR-149-3p,1057
hsa-miR-150-3p,1058
hsa-miR-185-3p,1059
hsa-miR-186-3p,1060
hsa-miR-188-3p,1061
hsa-miR-193a-5p,1062
hsa-miR-195-3p,1063
hsa-miR-200c-5p,1064
hsa-miR-155-3p,1065
mmu-miR-199b,1066
hsa-miR-194-3p,1067
hsa-miR-106b-3p,1068
hsa-miR-29c-5p,1069
hsa-miR-30c-1-3p,1070
hsa-miR-219a-2-3p,1071
hsa-miR-34b,1072
hsa-miR-34b-3p,1073
hsa-miR-34c-3p,1074
hsa-miR-99b-3p,1075
hsa-miR-296-3p,1076
hsa-miR-130b-5p,1077
hsa-miR-26a-2-3p,1078
hsa-miR-361-3p,1079
hsa-miR-362-3p,1080
hsa-miR-302d-5p,1081
hsa-miR-367-5p,1082
hsa-miR-371a-5p,1083
hsa-miR-374a-3p,1084
hsa-miR-340-5p,1085
hsa-miR-340,1086
hsa-miR-330-5p,1087
hsa-miR-342-5p,1088
hsa-miR-323a-5p,1089
hsa-miR-151a-5p,1090
hsa-miR-135b-3p,1091
hsa-miR-148b-5p,1092
hsa-miR-331-5p,1093
hsa-miR-338-5p,1094
hsa-miR-339-3p,1095
hsa-miR-335-3p,1096
hsa-miR-423-5p,1097
hsa-miR-424-3p,1098
mmu-miR-425,1099
hsa-miR-20b-3p,1100
hcmv-miR-US25-1-3p,1101
hsa-miR-431-3p,1102
hsa-miR-483-5p,1103
hsa-miR-486-3p,1104
hsa-miR-488,1105
hsa-miR-488-3p,1106
hsa-miR-490-5p,1107
hsa-miR-491-3p,1108
hsa-miR-146b-3p,1109
hsa-miR-193b-5p,1110
hsa-miR-497-3p,1111
hsa-miR-516a-5p,1112
hsa-miR-499a-3p,1113
hsa-miR-500,1114
hsa-miR-500a-5p,1115
hsa-miR-501-3p,1116
hsa-miR-502-3p,1117
hsa-miR-505-5p,1118
hsa-miR-513a-3p,1119
hsa-miR-508-5p,1120
hsa-miR-509-5p,1121
hsa-miR-532-3p,1122
mmu-miR-483,1123
hsa-miR-455-3p,1124
hsa-miR-545-5p,1125
hsa-miR-92b-5p,1126
hsa-miR-556-3p,1127
hsa-miR-551b-5p,1128
hsa-miR-574-5p,1129
hsa-miR-576-3p,1130
hsa-miR-582-3p,1131
hsa-miR-548b-5p,1132
hsa-miR-589-5p,1133
hsa-miR-589,1134
hsa-miR-550,1135
hsa-miR-550a-5p,1136
hsa-miR-590-3p,1137
hsa-miR-593,1138
hsa-miR-593-3p,1139
hsa-miR-615-5p,1140
hsa-miR-616,1141
hsa-miR-548c-5p,1142
hsa-miR-624,1143
hsa-miR-624-3p,1144
hsa-miR-625-3p,1145
hsa-miR-628-5p,1146
hsa-miR-629,1147
hsa-miR-629-5p,1148
hsa-miR-33b-3p,1149
hsa-miR-548d-5p,1150
hsa-miR-411-3p,1151
hsa-miR-654-3p,1152
hsa-miR-671-3p,1153
ebv-miR-BART18-3p,1154
hsa-miR-298,1155
hsa-miR-891a-5p,1156
hsa-miR-300,1157
hsa-miR-892a,1158
hsa-miR-450b-5p,1159
hsa-miR-874-3p,1160
hsa-miR-891b,1161
hsa-miR-888-5p,1162
hsa-miR-892b,1163
hsa-miR-541-5p,1164
hsa-miR-541-3p,1165
hsa-miR-889-3p,1166
hsa-miR-875-5p,1167
hsa-miR-875-3p,1168
hsa-miR-876-3p,1169
hsa-miR-708-5p,1170
hsa-miR-147b-3p,1171
hsa-miR-190b-5p,1172
mmu-miR-653-5p,1173
hsa-miR-744-5p,1174
hsa-miR-744-3p,1175
hsa-miR-885-5p,1176
hsa-miR-885-3p,1177
hsa-miR-877-5p,1178
hsa-miR-877-3p,1179
hsa-miR-887-3p,1180
hsa-miR-665,1181
hsa-miR-873-5p,1182
hsa-miR-543,1183
hsa-miR-374b-5p,1184
hsa-miR-374b-3p,1185
hsa-miR-760,1186
hsa-miR-301b-3p,1187
hsa-miR-216b-5p,1188
hsa-miR-208b-3p,1189
hsa-miR-920,1190
hsa-miR-921,1191
hsa-miR-922,1192
hsa-miR-924,1193
hsa-miR-509-3-5p,1194
hsa-miR-933,1195
hsa-miR-934,1196
hsa-miR-935,1197
hsa-miR-936,1198
hsa-miR-937-3p,1199
hsa-miR-938,1200
hsa-miR-939-5p,1201
hsa-miR-940,1202
hsa-miR-941,1203
hsa-miR-942-5p,1204
hsa-miR-944,1205
hsa-miR-523-5p,1206
hsa-miR-518e-5p,1207
hsa-miR-522-5p,1208
hsa-miR-519a-5p,1209
hsa-miR-519b-5p,1210
hsa-miR-520c-5p,1211
hsa-miR-518a-5p,1212
hsa-miR-1224-5p,1213
hsa-miR-1224-3p,1214
hsa-miR-1225-5p,1215
hsa-miR-1225-3p,1216
hsa-miR-1226-5p,1217
hsa-miR-1226-3p,1218
hsa-miR-1228-5p,1219
hsa-miR-1228-3p,1220
hsa-miR-1229-3p,1221
hsa-miR-1231,1222
hsa-miR-1233-3p,1223
hsa-miR-1234-3p,1224
hsa-miR-1236-3p,1225
hsa-miR-1237-3p,1226
hsa-miR-1238-3p,1227
hsa-miR-513b-5p,1228
hsa-miR-513c-5p,1229
hsa-miR-1264,1230
hsa-miR-320b,1231
hsa-miR-320c,1232
hsa-miR-1296-5p,1233
hsa-miR-1323,1234
hsa-miR-1271-5p,1235
hsa-miR-1301-3p,1236
hsa-miR-1283,1237
hsa-miR-1298-5p,1238
hsa-miR-1178-3p,1239
hsa-miR-1179,1240
hsa-miR-1180-3p,1241
hsa-miR-1181,1242
hsa-miR-1182,1243
hsa-miR-1183,1244
hsa-miR-1200,1245
hsa-miR-1202,1246
hsa-miR-1203,1247
hsa-miR-663b,1248
hsa-miR-1204,1249
hsa-miR-1205,1250
hsa-miR-1206,1251
hsa-miR-1207-5p,1252
hsa-miR-1207-3p,1253
hsa-miR-1208,1254
hsa-miR-548e-3p,1255
hsa-miR-548j-5p,1256
hsa-miR-1285-3p,1257
hsa-miR-1287-5p,1258
hsa-miR-1289,1259
hsa-miR-1290,1260
hsa-miR-1291,1261
hsa-miR-548k,1262
hsa-miR-1293,1263
hsa-miR-1294,1264
hsa-miR-1295a,1265
hsa-miR-1297,1266
hsa-miR-1299,1267
hsa-miR-1302,1268
hsa-miR-1303,1269
hsa-miR-1304-5p,1270
hsa-miR-1305,1271
hsa-miR-1243,1272
hsa-miR-548f-3p,1273
hsa-miR-1244,1274
hsa-miR-1245a,1275
hsa-miR-1246,1276
hsa-miR-1247-5p,1277
hsa-miR-1248,1278
hsa-miR-1249-3p,1279
hsa-miR-1250-5p,1280
hsa-miR-1253,1281
hsa-miR-1254,1282
hsa-miR-1255a,1283
hsa-miR-1256,1284
hsa-miR-1257,1285
hsa-miR-1258,1286
hsa-miR-1260a,1287
hsa-miR-1261,1288
hsa-miR-1262,1289
hsa-miR-548m,1290
hsa-miR-1265,1291
hsa-miR-548o-3p,1292
hsa-miR-1266-5p,1293
hsa-miR-1267,1294
hsa-miR-1268a,1295
hsa-miR-1269a,1296
hsa-miR-1270,1297
hsa-miR-1272,1298
hsa-miR-1273a,1299
hsa-miR-1273,1300
hsa-miR-548h-5p,1301
hsa-miR-1275,1302
hsa-miR-1276,1303
hsa-miR-302e,1304
hsa-miR-1277-3p,1305
hsa-miR-548i,1306
hsa-miR-1278,1307
hsa-miR-1279,1308
hsa-miR-1281,1309
hsa-miR-1284,1310
hsa-miR-1288-3p,1311
hsa-miR-1292-5p,1312
hsa-miR-1252-5p,1313
hsa-miR-1255b-5p,1314
hsa-miR-664a-5p,1315
hsa-miR-664a-3p,1316
hsa-miR-1306-3p,1317
hsa-miR-1307-3p,1318
hsa-miR-1321,1319
hsa-miR-1197,1320
hsa-miR-320d,1321
hsa-miR-1825,1322
hsa-miR-1468-5p,1323
hsa-miR-675-3p,1324
hsa-miR-1469,1325
hsa-miR-1470,1326
hsa-miR-1471,1327
hsa-miR-1538,1328
hsa-miR-1539,1329
hsa-miR-103b,1330
hsa-miR-1908-5p,1331
hsa-miR-1909-5p,1332
hsa-miR-1909-3p,1333
hsa-miR-1910-5p,1334
hsa-miR-1911-5p,1335
hsa-miR-1911-3p,1336
hsa-miR-1913,1337
hsa-miR-1914-5p,1338
hsa-miR-1914-3p,1339
hsa-miR-1915-5p,1340
hsa-miR-1915-3p,1341
hsv1-miR-H6-3p,1342
hsa-miR-103a-2-5p,1343
hsa-miR-205-3p,1344
hsa-miR-224-3p,1345
hsa-miR-365a-5p,1346
hsa-miR-196b-3p,1347
hsa-miR-449b-3p,1348
hsa-miR-2113,1349
hsa-miR-1972,1350
hsa-miR-1973,1351
hsa-miR-1975,1352
hsa-miR-1976,1353
hsa-miR-1979,1354
mmu-miR-1983,1355
hsa-miR-2110,1356
hsa-let-7a-2-3p,1357
hsa-miR-151b,1358
hsa-miR-449c-5p,1359
hsa-miR-762,1360
hsa-miR-670-5p,1361
hsa-miR-761,1362
hsa-miR-764,1363
hsa-miR-2114-5p,1364
hsa-miR-2114-3p,1365
hsa-miR-2115-3p,1366
hsa-miR-2116-5p,1367
hsa-miR-2116-3p,1368
hsa-miR-2117,1369
hsa-miR-548q,1370
hsa-miR-2276-3p,1371
hsa-miR-2277-3p,1372
hsa-miR-2278,1373
hsa-miR-711,1374
hsa-miR-718,1375
rno-miR-665,1376
hsa-miR-2682-5p,1377
hsa-miR-2861,1378
hsv2-miR-H7-5p,1379
hsv2-miR-H9-3p,1380
hsv2-miR-H19,1381
hsv2-miR-H24,1382
hsv2-miR-H25,1383
hsa-miR-3115,1384
hsa-miR-3116,1385
hsa-miR-3117-3p,1386
hsa-miR-3119,1387
hsa-miR-3120-3p,1388
hsa-miR-3122,1389
hsa-miR-3123,1390
hsa-miR-3124-5p,1391
hsa-miR-548s,1392
hsa-miR-3125,1393
hsa-miR-3126-5p,1394
hsa-miR-3127-5p,1395
hsa-miR-3128,1396
hsa-miR-3129-5p,1397
hsa-miR-3130-5p,1398
hsa-miR-3131,1399
hsa-miR-3132,1400
hsa-miR-3133,1401
hsa-miR-378b,1402
hsa-miR-3135a,1403
hsa-miR-466,1404
hsa-miR-3136-5p,1405
hsa-miR-544b,1406
hsa-miR-3137,1407
hsa-miR-3138,1408
hsa-miR-3139,1409
hsa-miR-3141,1410
hsa-miR-3142,1411
hsa-miR-3143,1412
hsa-miR-3144-5p,1413
hsa-miR-3145-3p,1414
hsa-miR-1273c,1415
hsa-miR-3146,1416
hsa-miR-3147,1417
hsa-miR-3149,1418
hsa-miR-3151-5p,1419
hsa-miR-3153,1420
hsa-miR-3074-3p,1421
hsa-miR-3154,1422
hsa-miR-3156-5p,1423
hsa-miR-3157-5p,1424
hsa-miR-3158-3p,1425
hsa-miR-3161,1426
hsa-miR-3162-5p,1427
hsa-miR-3163,1428
hsa-miR-3164,1429
hsa-miR-3165,1430
hsa-miR-1260b,1431
hsa-miR-3167,1432
hsa-miR-3168,1433
hsa-miR-3172,1434
hsa-miR-3173-3p,1435
hsa-miR-323b-3p,1436
hsa-miR-3174,1437
hsa-miR-3175,1438
hsa-miR-3176,1439
hsa-miR-3177-3p,1440
hsa-miR-3178,1441
hsa-miR-3179,1442
hsa-miR-3180-5p,1443
hsa-miR-3180-3p,1444
hsa-miR-3181,1445
hsa-miR-3182,1446
hsa-miR-3183,1447
hsa-miR-3184-5p,1448
hsa-miR-3185,1449
hsa-miR-3065-5p,1450
hsa-miR-3186-5p,1451
hsa-miR-3186-3p,1452
hsa-miR-3187-3p,1453
hsa-miR-3188,1454
hsa-miR-3189-3p,1455
hsa-miR-320e,1456
hsa-miR-3190-5p,1457
hsa-miR-3193,1458
hsa-miR-3194-5p,1459
hsa-miR-3195,1460
hsa-miR-3196,1461
hsa-miR-3197,1462
hsa-miR-3198,1463
hsa-miR-3200-3p,1464
hsa-miR-3201,1465
hsa-miR-514b-5p,1466
hsa-miR-514b-3p,1467
hsa-miR-3202,1468
hsa-miR-1273d,1469
kshv-miR-K12-10a-5p,1470
kshv-miR-K12-5-5p,1471
hsv2-miR-H7-3p,1472
hsa-miR-3126-3p,1473
hsa-miR-3065-3p,1474
ppy-miR-1269,1475
hsa-miR-4297,1476
hsa-miR-378c,1477
hsa-miR-4293,1478
hsa-miR-4294,1479
hsa-miR-4301,1480
hsa-miR-4299,1481
hsa-miR-4298,1482
hsa-miR-4304,1483
hsa-miR-4303,1484
hsa-miR-4306,1485
hsa-miR-4308,1486
hsa-miR-4310,1487
hsa-miR-4311,1488
hsa-miR-4312,1489
hsa-miR-4313,1490
hsa-miR-4315,1491
hsa-miR-4314,1492
hsa-miR-4319,1493
hsa-miR-4317,1494
hsa-miR-4322,1495
hsa-miR-4321,1496
hsa-miR-4323,1497
hsa-miR-4324,1498
hsa-miR-4257,1499
hsa-miR-4258,1500
hsa-miR-4259,1501
hsa-miR-4253,1502
hsa-miR-4251,1503
hsa-miR-4255,1504
hsa-miR-4252,1505
hsa-miR-4325,1506
hsa-miR-4327,1507
hsa-miR-4261,1508
hsa-miR-4262,1509
hsa-miR-2355-5p,1510
hsa-miR-4268,1511
hsa-miR-4269,1512
hsa-miR-4270,1513
hsa-miR-4271,1514
hsa-miR-4273,1515
hsa-miR-4275,1516
hsa-miR-4274,1517
hsa-miR-4281,1518
hsa-miR-4277,1519
hsa-miR-4279,1520
hsa-miR-4285,1521
hsa-miR-4284,1522
hsa-miR-4286,1523
hsa-miR-4288,1524
hsa-miR-4292,1525
hsa-miR-4289,1526
hsa-miR-4290,1527
hsa-miR-4291,1528
hsa-miR-4329,1529
hsa-miR-500b-5p,1530
mmu-miR-132-5p,1531
rno-let-7a-2-3p,1532
hsa-miR-2277-5p,1533
hsa-miR-3200-5p,1534
hsa-miR-2355-3p,1535
hsa-miR-3605-5p,1536
hsa-miR-3607-5p,1537
hsa-miR-3607-3p,1538
hsa-miR-3609,1539
hsa-miR-3610,1540
hsa-miR-3611,1541
hsa-miR-3613-5p,1542
hsa-miR-3613-3p,1543
hsa-miR-3614-5p,1544
hsa-miR-3615,1545
hsa-miR-3617-5p,1546
hsa-miR-3619-5p,1547
hsa-miR-23c,1548
hsa-miR-3620-3p,1549
hsa-miR-3621,1550
hsa-miR-3622a-5p,1551
hsa-miR-3622b-5p,1552
hsa-miR-3646,1553
hsa-miR-3648,1554
hsa-miR-3651,1555
hsa-miR-3652,1556
hsa-miR-3653,1557
hsa-miR-3654,1558
hsa-miR-3655,1559
hsa-miR-3656,1560
hsa-miR-3658,1561
hsa-miR-3659,1562
hsa-miR-3660,1563
hsa-miR-3661,1564
hsa-miR-3662,1565
hsa-miR-3663-3p,1566
hsa-miR-3664-5p,1567
hsa-miR-3665,1568
hsa-miR-3673,1569
hsa-miR-3674,1570
hsa-miR-3675-3p,1571
hsa-miR-3676-3p,1572
hsa-miR-3676,1573
hsa-miR-3679-5p,1574
hsa-miR-3679-3p,1575
hsa-miR-3681-5p,1576
hsa-miR-3681-3p,1577
hsa-miR-3682-3p,1578
hsa-miR-3687,1579
hsa-miR-3691-5p,1580
hsa-miR-3692-5p,1581
hsa-miR-3180,1582
hsa-miR-3907,1583
hsa-miR-3909,1584
hsa-miR-3910,1585
hsa-miR-3911,1586
hsa-miR-3913-5p,1587
hsa-miR-3915,1588
hsa-miR-3917,1589
hsa-miR-3918,1590
hsa-miR-3919,1591
hsa-miR-3150b-3p,1592
hsa-miR-3921,1593
hsa-miR-3922-3p,1594
hsa-miR-3927-3p,1595
hsa-miR-676-5p,1596
hsa-miR-676-3p,1597
hsa-miR-3928-3p,1598
hsa-miR-3929,1599
hsa-miR-3934-5p,1600
hsa-miR-3935,1601
hsa-miR-3937,1602
hsa-miR-3940-3p,1603
hsa-miR-3941,1604
hsa-miR-3944-3p,1605
hsa-miR-3945,1606
hsa-miR-374c-5p,1607
hsa-miR-642b-3p,1608
hsa-miR-548aa,1609
hsa-miR-1268b,1610
hsa-miR-378d,1611
hsa-miR-378e,1612
hsa-miR-548ab,1613
hsa-miR-4417,1614
hsa-miR-4419a,1615
hsa-miR-378f,1616
hsa-miR-4420,1617
hsa-miR-4422,1618
hsa-miR-4423-3p,1619
hsa-miR-378g,1620
hsa-miR-4424,1621
hsa-miR-4425,1622
hsa-miR-4426,1623
hsa-miR-4427,1624
hsa-miR-4428,1625
hsa-miR-4429,1626
hsa-miR-4430,1627
hsa-miR-4433a-3p,1628
hsa-miR-4436a,1629
hsa-miR-4438,1630
hsa-miR-4440,1631
hsa-miR-4441,1632
hsa-miR-4442,1633
hsa-miR-4443,1634
hsa-miR-4444,1635
hsa-miR-4446-3p,1636
hsa-miR-4447,1637
hsa-miR-4448,1638
hsa-miR-4449,1639
hsa-miR-548ag,1640
hsa-miR-4450,1641
hsa-miR-548ah-5p,1642
hsa-miR-4451,1643
hsa-miR-4454,1644
hsa-miR-4455,1645
hsa-miR-4456,1646
hsa-miR-4458,1647
hsa-miR-4459,1648
hsa-miR-4461,1649
hsa-miR-378h,1650
hsa-miR-3135b,1651
hsa-miR-4462,1652
hsa-miR-4463,1653
hsa-miR-548aj-3p,1654
hsa-miR-4465,1655
hsa-miR-4466,1656
hsa-miR-4467,1657
hsa-miR-4472,1658
hsa-miR-4473,1659
hsa-miR-4474-3p,1660
hsa-miR-4476,1661
hsa-miR-4477a,1662
hsa-miR-4478,1663
hsa-miR-4479,1664
hsa-miR-4481,1665
hsa-miR-4483,1666
hsa-miR-4484,1667
hsa-miR-4485-3p,1668
hsa-miR-4486,1669
hsa-miR-4487,1670
hsa-miR-4488,1671
hsa-miR-4492,1672
hsa-miR-4495,1673
hsa-miR-4496,1674
hsa-miR-4497,1675
hsa-miR-4498,1676
hsa-miR-4419b,1677
hsa-miR-4499,1678
hsa-miR-4501,1679
hsa-miR-4502,1680
hsa-miR-4503,1681
hsa-miR-4505,1682
hsa-miR-2392,1683
hsa-miR-4507,1684
hsa-miR-4508,1685
hsa-miR-4511,1686
hsa-miR-4512,1687
hsa-miR-4513,1688
hsa-miR-4515,1689
hsa-miR-4516,1690
hsa-miR-4521,1691
hsa-miR-1269b,1692
hsa-miR-4525,1693
hsa-miR-4529-3p,1694
hsa-miR-4530,1695
hsa-miR-4532,1696
hsa-miR-4533,1697
hsa-miR-4534,1698
hsa-miR-378i,1699
hsa-miR-4535,1700
hsa-miR-1587,1701
hsa-miR-4538,1702
hsa-miR-4539,1703
hsa-miR-3136-3p,1704
hsa-miR-3145-5p,1705
hsa-miR-3157-3p,1706
hsa-miR-3158-5p,1707
hsa-miR-3162-3p,1708
hsa-miR-3173-5p,1709
hsa-miR-3187-5p,1710
hsa-miR-3194-3p,1711
hsa-miR-3619-3p,1712
hsa-miR-3664-3p,1713
hsa-miR-3688-5p,1714
hsa-miR-3150b-5p,1715
hsa-miR-3925-3p,1716
hsa-miR-3940-5p,1717
hsa-miR-3942-3p,1718
hsa-miR-4423-5p,1719
hsa-miR-3960,1720
hsa-miR-3978,1721
hsa-miR-4634,1722
hsa-miR-4636,1723
hsa-miR-4638-3p,1724
hsa-miR-4639-5p,1725
hsa-miR-4640-5p,1726
hsa-miR-4644,1727
hsa-miR-4645-5p,1728
hsa-miR-4645-3p,1729
hsa-miR-4646-5p,1730
hsa-miR-4647,1731
hsa-miR-4648,1732
hsa-miR-4649-5p,1733
hsa-miR-4649-3p,1734
hsa-miR-4650-5p,1735
hsa-miR-4651,1736
hsa-miR-4653-3p,1737
hsa-miR-4654,1738
hsa-miR-4655-5p,1739
hsa-miR-4655-3p,1740
hsa-miR-4656,1741
hsa-miR-4657,1742
hsa-miR-4659a-3p,1743
hsa-miR-4661-5p,1744
hsa-miR-4661-3p,1745
hsa-miR-4659b-3p,1746
hsa-miR-4662b,1747
hsa-miR-4664-5p,1748
hsa-miR-4664-3p,1749
hsa-miR-4665-5p,1750
hsa-miR-4665-3p,1751
hsa-miR-4667-5p,1752
hsa-miR-4668-5p,1753
hsa-miR-219b-5p,1754
hsa-miR-4669,1755
hsa-miR-4671-5p,1756
hsa-miR-4672,1757
hsa-miR-4673,1758
hsa-miR-4674,1759
hsa-miR-4675,1760
hsa-miR-4676-3p,1761
hsa-miR-4677-3p,1762
hsa-miR-4678,1763
hsa-miR-4683,1764
hsa-miR-4684-3p,1765
hsa-miR-4685-5p,1766
hsa-miR-4687-3p,1767
hsa-miR-1343-3p,1768
hsa-miR-4688,1769
hsa-miR-4689,1770
hsa-miR-4690-5p,1771
hsa-miR-4695-5p,1772
hsa-miR-4695-3p,1773
hsa-miR-4697-5p,1774
hsa-miR-4698,1775
hsa-miR-4699-5p,1776
hsa-miR-4700-3p,1777
hsa-miR-4701-5p,1778
hsa-miR-4701-3p,1779
hsa-miR-4703-3p,1780
hsa-miR-4704-5p,1781
hsa-miR-4706,1782
hsa-miR-4707-5p,1783
hsa-miR-4708-5p,1784
hsa-miR-4708-3p,1785
hsa-miR-203b-5p,1786
hsa-miR-203b-3p,1787
hsa-miR-4710,1788
hsa-miR-4713-5p,1789
hsa-miR-4713-3p,1790
hsa-miR-4714-5p,1791
hsa-miR-4714-3p,1792
hsa-miR-4716-3p,1793
hsa-miR-4717-5p,1794
hsa-miR-4720-5p,1795
hsa-miR-4721,1796
hsa-miR-4722-5p,1797
hsa-miR-4722-3p,1798
hsa-miR-4725-5p,1799
hsa-miR-4725-3p,1800
hsa-miR-4726-5p,1801
hsa-miR-4728-5p,1802
hsa-miR-4730,1803
hsa-miR-4731-5p,1804
hsa-miR-4732-5p,1805
hsa-miR-4732-3p,1806
hsa-miR-4734,1807
hsa-miR-3064-3p,1808
hsa-miR-4738-3p,1809
hsa-miR-4739,1810
hsa-miR-4741,1811
hsa-miR-4742-5p,1812
hsa-miR-4743-5p,1813
hsa-miR-122b-5p,1814
hsa-miR-122b-3p,1815
hsa-miR-4745-5p,1816
hsa-miR-4745-3p,1817
hsa-miR-4746-5p,1818
hsa-miR-4746-3p,1819
hsa-miR-4749-5p,1820
hsa-miR-4749-3p,1821
hsa-miR-4750-5p,1822
hsa-miR-4753-3p,1823
hsa-miR-371b-5p,1824
hsa-miR-371b-3p,1825
hsa-miR-4758-5p,1826
hsa-miR-4758-3p,1827
hsa-miR-4763-5p,1828
hsa-miR-4763-3p,1829
hsa-miR-4764-3p,1830
hsa-miR-4766-3p,1831
hsa-miR-4767,1832
hsa-miR-4768-5p,1833
hsa-miR-4768-3p,1834
hsa-miR-4769-3p,1835
hsa-miR-4776-3p,1836
hsa-miR-4778-5p,1837
hsa-miR-4779,1838
hsa-miR-4436b-5p,1839
hsa-miR-4783-3p,1840
hsa-miR-4785,1841
hsa-miR-1245b-5p,1842
hsa-miR-1245b-3p,1843
hsa-miR-2467-3p,1844
hsa-miR-4786-3p,1845
hsa-miR-4787-5p,1846
hsa-miR-4787-3p,1847
hsa-miR-4788,1848
hsa-miR-4789-3p,1849
hsa-miR-4791,1850
hsa-miR-4792,1851
hsa-miR-4793-5p,1852
hsa-miR-4794,1853
hsa-miR-4796-3p,1854
hsa-miR-4797-5p,1855
hsa-miR-4798-5p,1856
hsa-miR-4800-5p,1857
hsa-miR-4800-3p,1858
hsa-miR-4803,1859
hsa-miR-5047,1860
hsa-miR-5095,1861
hsa-miR-1273g-5p,1862
hsa-miR-1273g,1863
hsa-miR-5096,1864
hsa-miR-642a-3p,1865
hsa-miR-550a-3-5p,1866
hsa-miR-4433a-5p,1867
hsa-miR-4536-3p,1868
hsa-miR-5000-5p,1869
hsa-miR-5000-3p,1870
hsa-miR-5001-5p,1871
hsa-miR-5001-3p,1872
hsa-miR-5002-5p,1873
hsa-miR-5002-3p,1874
hsa-miR-5003-5p,1875
hsa-miR-5004-5p,1876
hsa-miR-5006-5p,1877
hsa-miR-548ap-5p,1878
hsa-miR-5008-5p,1879
hsa-miR-5008-3p,1880
hsa-miR-5009-5p,1881
hsa-miR-5010-5p,1882
hsa-miR-5088-5p,1883
hsa-miR-5090,1884
hsa-miR-5092,1885
hsa-miR-5093,1886
hsa-miR-5094,1887
hsa-miR-5187-5p,1888
hsa-miR-5189-5p,1889
hsa-miR-5190,1890
hsa-miR-5193,1891
hsa-miR-5194,1892
hsa-miR-5195-3p,1893
hsa-miR-5196-5p,1894
hsa-miR-5100,1895
hsa-miR-548aq-5p,1896
hsa-miR-664b-5p,1897
hsa-miR-664b-3p,1898
hsa-miR-5580-3p,1899
hsa-miR-5581-5p,1900
hsa-miR-5581-3p,1901
hsa-miR-548at-5p,1902
hsa-miR-5585-3p,1903
hsa-miR-1295b-5p,1904
hsa-miR-5588-5p,1905
hsa-miR-5588-3p,1906
hsa-miR-5591-5p,1907
hsa-miR-5680,1908
hsa-miR-5683,1909
hsa-miR-5684,1910
hsa-miR-4666b,1911
hsa-miR-5697,1912
hsa-miR-5701,1913
hsa-miR-5703,1914
hsa-miR-197-5p,1915
hsa-miR-204-3p,1916
hsa-miR-211-3p,1917
hsa-miR-212-5p,1918
hsa-miR-301a-5p,1919
hsa-miR-382-3p,1920
hsa-miR-345-3p,1921
hsa-miR-450a-1-3p,1922
hsa-miR-539-3p,1923
hsa-miR-561-5p,1924
hsa-miR-584-3p,1925
hsa-miR-652-5p,1926
hsa-miR-659-5p,1927
hsa-miR-660-3p,1928
hsa-miR-1271-3p,1929
hsa-miR-1185-2-3p,1930
hsa-miR-766-5p,1931
hsa-miR-873-3p,1932
hsa-miR-1285-5p,1933
hsa-miR-1304-3p,1934
hsa-miR-1247-3p,1935
hsa-miR-1306-5p,1936
hsa-miR-1307-5p,1937
hsa-miR-548t-3p,1938
hsa-miR-3184-3p,1939
hsa-miR-550b-2-5p,1940
hsa-miR-548aj-5p,1941
hsa-miR-548am-5p,1942
hsa-miR-3529-3p,1943
hsa-miR-1273g-3p,1944
hsa-miR-365b-5p,1945
hsa-miR-1185-1-3p,1946
hsa-miR-98-3p,1947
hsa-miR-503-3p,1948
hsa-miR-937-5p,1949
hsa-miR-1227-5p,1950
hsa-miR-1229-5p,1951
hsa-miR-1233-5p,1952
hsa-miR-1236-5p,1953
hsa-miR-1237-5p,1954
hsa-miR-3617-3p,1955
hsa-miR-3620-5p,1956
hsa-miR-3934-3p,1957
hsa-miR-4632-5p,1958
hsa-miR-4750-3p,1959
hsa-miR-5739,1960
hsa-miR-5787,1961
hsa-miR-6068,1962
hsa-miR-6069,1963
hsa-miR-6075,1964
hsa-miR-6076,1965
hsa-miR-6077,1966
hsa-miR-6083,1967
hsa-miR-6085,1968
hsa-miR-6086,1969
hsa-miR-6087,1970
hsa-miR-6088,1971
hsa-miR-6089,1972
hsa-miR-6090,1973
cgr-miR-1285,1974
ggo-miR-92b,1975
ggo-miR-345,1976
hsa-miR-6124,1977
hsa-miR-6125,1978
hsa-miR-6126,1979
hsa-miR-6127,1980
hsa-miR-6129,1981
hsa-miR-6131,1982
hsa-miR-6132,1983
hsa-miR-6133,1984
hsa-miR-6134,1985
hsa-miR-6165,1986
hsa-miR-548ay-5p,1987
hsa-miR-6500-5p,1988
hsa-miR-6501-5p,1989
hsa-miR-6502-5p,1990
hsa-miR-6503-3p,1991
hsa-miR-6507-3p,1992
hsa-miR-6508-5p,1993
hsa-miR-6510-5p,1994
hsa-miR-6511a-5p,1995
hsa-miR-6512-5p,1996
hsa-miR-6513-5p,1997
hsa-miR-6513-3p,1998
hsa-miR-6514-5p,1999
hsa-miR-6515-3p,2000
hsa-miR-6716-5p,2001
hsa-miR-6716-3p,2002
hsa-miR-6717-5p,2003
hsa-miR-6511b-3p,2004
hsa-miR-6722-3p,2005
hsa-miR-6723-5p,2006
hsa-miR-6724-5p,2007
hsa-let-7c-3p,2008
hsa-miR-208a-5p,2009
hsa-miR-210-5p,2010
hsa-miR-215-3p,2011
hsa-miR-133a-5p,2012
hsa-miR-152-5p,2013
hsa-miR-153-5p,2014
hsa-miR-370-5p,2015
hsa-miR-372-5p,2016
hsa-miR-328-5p,2017
hsa-miR-489-5p,2018
hsa-miR-511-3p,2019
hsa-miR-494-5p,2020
hsa-miR-504-3p,2021
hsa-miR-487b-5p,2022
hsa-miR-580-5p,2023
hsa-miR-605-3p,2024
hsa-miR-619-5p,2025
hsa-miR-651-3p,2026
hsa-miR-653-3p,2027
hsa-miR-1468-3p,2028
hsa-miR-874-5p,2029
hsa-miR-942-3p,2030
hsa-miR-548j-3p,2031
hsa-miR-1910-3p,2032
hsa-miR-2276-5p,2033
hsa-miR-3151-3p,2034
hsa-miR-500b-3p,2035
hsa-miR-3928-5p,2036
hsa-miR-1343-5p,2037
hsa-miR-5189-3p,2038
hsa-miR-6720-5p,2039
hsa-miR-6727-5p,2040
hsa-miR-6727-3p,2041
hsa-miR-6728-5p,2042
hsa-miR-6729-5p,2043
hsa-miR-6732-5p,2044
hsa-miR-6734-5p,2045
hsa-miR-6734-3p,2046
hsa-miR-6739-5p,2047
hsa-miR-6739-3p,2048
hsa-miR-6743-5p,2049
hsa-miR-6744-5p,2050
hsa-miR-6746-5p,2051
hsa-miR-6747-3p,2052
hsa-miR-6748-5p,2053
hsa-miR-6749-5p,2054
hsa-miR-6752-5p,2055
hsa-miR-6756-5p,2056
hsa-miR-6758-3p,2057
hsa-miR-6759-5p,2058
hsa-miR-6760-3p,2059
hsa-miR-6761-5p,2060
hsa-miR-6763-3p,2061
hsa-miR-6764-5p,2062
hsa-miR-6765-5p,2063
hsa-miR-6765-3p,2064
hsa-miR-6768-5p,2065
hsa-miR-6771-5p,2066
hsa-miR-6772-3p,2067
hsa-miR-6776-5p,2068
hsa-miR-6776-3p,2069
hsa-miR-6777-5p,2070
hsa-miR-6777-3p,2071
hsa-miR-6778-5p,2072
hsa-miR-6779-5p,2073
hsa-miR-6780a-5p,2074
hsa-miR-6781-5p,2075
hsa-miR-6782-5p,2076
hsa-miR-6782-3p,2077
hsa-miR-6783-3p,2078
hsa-miR-6784-3p,2079
hsa-miR-6785-5p,2080
hsa-miR-6785-3p,2081
hsa-miR-6786-5p,2082
hsa-miR-6786-3p,2083
hsa-miR-6787-5p,2084
hsa-miR-6787-3p,2085
hsa-miR-6789-5p,2086
hsa-miR-6790-5p,2087
hsa-miR-6791-5p,2088
hsa-miR-6792-5p,2089
hsa-miR-6794-5p,2090
hsa-miR-6795-3p,2091
hsa-miR-6797-3p,2092
hsa-miR-6798-5p,2093
hsa-miR-6799-5p,2094
hsa-miR-6800-5p,2095
hsa-miR-6800-3p,2096
hsa-miR-6802-5p,2097
hsa-miR-6803-5p,2098
hsa-miR-6805-5p,2099
hsa-miR-6808-5p,2100
hsa-miR-6810-5p,2101
hsa-miR-6810-3p,2102
hsa-miR-6811-5p,2103
hsa-miR-6812-5p,2104
hsa-miR-6812-3p,2105
hsa-miR-6813-5p,2106
hsa-miR-6816-5p,2107
hsa-miR-6817-3p,2108
hsa-miR-6818-5p,2109
hsa-miR-6819-3p,2110
hsa-miR-6820-5p,2111
hsa-miR-6821-5p,2112
hsa-miR-6824-3p,2113
hsa-miR-6825-3p,2114
hsa-miR-6826-5p,2115
hsa-miR-6831-5p,2116
hsa-miR-6780b-3p,2117
hsa-miR-6840-5p,2118
hsa-miR-6840-3p,2119
hsa-miR-6848-3p,2120
hsa-miR-6849-3p,2121
hsa-miR-6850-5p,2122
hsa-miR-6850-3p,2123
hsa-miR-6851-3p,2124
hsa-miR-6855-3p,2125
hsa-miR-6856-3p,2126
hsa-miR-6858-5p,2127
hsa-miR-6858-3p,2128
hsa-miR-6769b-5p,2129
hsa-miR-6860,2130
hsa-miR-6861-5p,2131
hsa-miR-6865-5p,2132
hsa-miR-6865-3p,2133
hsa-miR-6867-5p,2134
hsa-miR-6871-5p,2135
hsa-miR-6872-5p,2136
hsa-miR-6876-5p,2137
hsa-miR-6880-5p,2138
hsa-miR-6880-3p,2139
hsa-miR-6883-5p,2140
hsa-miR-6884-5p,2141
hsa-miR-6885-5p,2142
hsa-miR-6886-5p,2143
hsa-miR-6887-5p,2144
hsa-miR-6888-3p,2145
hsa-miR-6891-5p,2146
hsa-miR-6894-3p,2147
hsa-miR-7106-5p,2148
hsa-miR-7107-5p,2149
hsa-miR-7108-5p,2150
hsa-miR-7108-3p,2151
hsa-miR-7109-5p,2152
hsa-miR-7110-5p,2153
hsa-miR-7112-5p,2154
hsa-miR-7112-3p,2155
hsa-miR-7150,2156
hsa-miR-7151-3p,2157
hsa-miR-7152-3p,2158
hsa-miR-7155-3p,2159
hsa-miR-7161-5p,2160
hsa-miR-7162-3p,2161
hsa-miR-7641,2162
hsa-miR-7704,2163
hsa-miR-4433b-5p,2164
hsa-miR-4433b-3p,2165
hsa-miR-1273h-5p,2166
hsa-miR-6516-3p,2167
hsa-miR-7845-5p,2168
hsa-miR-7847-3p,2169
hsa-miR-7849-3p,2170
hsa-miR-7854-3p,2171
hsa-miR-8060,2172
hsa-miR-8063,2173
hsa-miR-8069,2174
hsa-miR-8071,2175
hsa-miR-8072,2176
hsa-miR-450a-2-3p,2177
hsa-miR-128-2-5p,2178
hsa-miR-7974,2179
hsa-miR-7975,2180
hsa-miR-7977,2181
hsa-miR-181b-2-3p,2182
hsa-miR-3653-5p,2183
hsa-miR-548ad-5p,2184
hsa-miR-548ae-5p,2185
pxy-miR-8495-5p,2186
pxy-miR-2a-3p,2187
pxy-miR-308,2188
pxy-miR-184,2189
pxy-miR-8509,2190
pxy-miR-2756,2191
pxy-miR-283,2192
pxy-miR-2b,2193
pxy-miR-9b-5p,2194
pxy-miR-9b-3p,2195
pxy-miR-274,2196
hsa-miR-498-3p,2197
hsa-miR-12136,2198
