ncRNA_Name,miRBase_ID
hsa-let-7a-1,MI0000060
hsa-let-7a-2,MI0000061
hsa-let-7a-3,MI0000062
hsa-let-7b,MI0000063
hsa-let-7c,MI0000064
hsa-let-7d,MI0000065
hsa-let-7e,MI0000066
hsa-let-7f-1,MI0000067
hsa-let-7f-2,MI0000068
hsa-mir-16-1,MI0000070
hsa-mir-17,MI0000071
hsa-mir-18a,MI0000072
hsa-mir-19b-1,MI0000074
hsa-mir-20a,MI0000076
hsa-mir-22,MI0000078
hsa-mir-23a,MI0000079
hsa-mir-24-1,MI0000080
hsa-mir-24-2,MI0000081
hsa-mir-26a-1,MI0000083
hsa-mir-27a,MI0000085
hsa-mir-28,MI0000086
hsa-mir-29a,MI0000087
hsa-mir-30a,MI0000088
hsa-mir-31,MI0000089
hsa-mir-92a-1,MI0000093
hsa-mir-92a-2,MI0000094
hsa-mir-95,MI0000097
hsa-mir-29b-1,MI0000105
hsa-mir-29b-2,MI0000107
hsa-mir-103a-2,MI0000108
hsa-mir-105-1,MI0000111
hsa-mir-107,MI0000114
mmu-mir-126a,MI0000153
mmu-mir-142a,MI0000167
hsa-mir-192,MI0000234
mmu-mir-193a,MI0000235
hsa-mir-197,MI0000239
hsa-mir-199a-1,MI0000242
hsa-mir-129-1,MI0000252
hsa-mir-148a,MI0000253
hsa-mir-30c-2,MI0000254
hsa-mir-139,MI0000261
hsa-mir-147a,MI0000262
hsa-mir-7-1,MI0000263
hsa-mir-7-3,MI0000265
hsa-mir-10a,MI0000266
hsa-mir-10b,MI0000267
hsa-mir-34a,MI0000268
hsa-mir-181a-2,MI0000269
hsa-mir-181b-1,MI0000270
hsa-mir-181c,MI0000271
hsa-mir-183,MI0000273
hsa-mir-187,MI0000274
hsa-mir-196a-2,MI0000279
hsa-mir-199a-2,MI0000281
hsa-mir-204,MI0000284
hsa-mir-205,MI0000285
hsa-mir-210,MI0000286
hsa-mir-212,MI0000288
hsa-mir-181a-1,MI0000289
hsa-mir-214,MI0000290
hsa-mir-215,MI0000291
hsa-mir-217,MI0000293
hsa-mir-218-2,MI0000295
hsa-mir-219a-1,MI0000296
hsa-mir-221,MI0000298
hsa-mir-222,MI0000299
hsa-mir-223,MI0000300
hsa-let-7g,MI0000433
hsa-let-7i,MI0000434
hsa-mir-23b,MI0000439
hsa-mir-27b,MI0000440
hsa-mir-30b,MI0000441
hsa-mir-124-3,MI0000445
hsa-mir-125b-1,MI0000446
hsa-mir-132,MI0000449
hsa-mir-137,MI0000454
hsa-mir-138-2,MI0000455
hsa-mir-140,MI0000456
hsa-mir-142,MI0000458
hsa-mir-145,MI0000461
hsa-mir-152,MI0000462
hsa-mir-153-1,MI0000463
hsa-mir-153-2,MI0000464
hsa-mir-191,MI0000465
hsa-mir-9-1,MI0000466
hsa-mir-125b-2,MI0000470
hsa-mir-129-2,MI0000473
hsa-mir-134,MI0000474
hsa-mir-138-1,MI0000476
hsa-mir-146a,MI0000477
hsa-mir-149,MI0000478
hsa-mir-184,MI0000481
hsa-mir-188,MI0000484
hsa-mir-190a,MI0000486
hsa-mir-193a,MI0000487
hsa-mir-194-1,MI0000488
hsa-mir-195,MI0000489
hsa-mir-320a,MI0000542
mmu-let-7e,MI0000561
rno-mir-301a,MI0000593
hsa-mir-200c,MI0000650
hsa-mir-128-2,MI0000727
hsa-mir-106b,MI0000734
hsa-mir-29c,MI0000735
hsa-mir-30c-1,MI0000736
hsa-mir-302a,MI0000738
hsa-mir-219a-2,MI0000740
hsa-mir-34b,MI0000742
hsa-mir-99b,MI0000746
hsa-mir-130b,MI0000748
hsa-mir-30e,MI0000749
hsa-mir-26a-2,MI0000750
hsa-mir-361,MI0000760
hsa-mir-363,MI0000764
hsa-mir-365a,MI0000767
hsa-mir-365b,MI0000769
hsa-mir-376c,MI0000776
hsa-mir-369,MI0000777
hsa-mir-371a,MI0000779
hsa-mir-374a,MI0000782
hsa-mir-375,MI0000783
hsa-mir-376a-1,MI0000784
hsa-mir-378a,MI0000786
hsa-mir-379,MI0000787
hsa-mir-380,MI0000788
hsa-mir-381,MI0000789
hsa-mir-382,MI0000790
hsa-mir-340,MI0000802
hsa-mir-342,MI0000805
hsa-mir-323a,MI0000807
hsa-mir-326,MI0000808
hsa-mir-151a,MI0000809
hsa-mir-324,MI0000813
hsa-mir-338,MI0000814
hsa-mir-339,MI0000815
hsa-mir-133b,MI0000822
hsa-mir-345,MI0000825
hsa-mir-346,MI0000826
rno-mir-93,MI0000880
hsa-mir-196b,MI0001150
hsa-mir-422a,MI0001444
hsa-mir-423,MI0001445
hsa-mir-424,MI0001446
hsa-mir-450a-1,MI0001652
hcmv-mir-US25-2,MI0001685
hsa-mir-452,MI0001733
hsa-mir-409,MI0001735
hsa-mir-410,MI0002465
hsa-mir-376b,MI0002466
hsa-mir-483,MI0002467
hsa-mir-484,MI0002468
hsa-mir-485,MI0002469
hsa-mir-489,MI0003124
hsa-mir-146b,MI0003129
hsa-mir-494,MI0003134
hsa-mir-495,MI0003135
hsa-mir-193b,MI0003137
hsa-mir-497,MI0003138
hsa-mir-181d,MI0003139
hsa-mir-519e,MI0003145
hsa-mir-521-1,MI0003176
hsa-mir-522,MI0003177
hsa-mir-499a,MI0003183
hsa-mir-450a-2,MI0003187
hsa-mir-503,MI0003188
hsa-mir-504,MI0003189
hsa-mir-505,MI0003190
hsa-mir-509-1,MI0003196
hsa-mir-455,MI0003513
hsa-mir-539,MI0003514
hsa-mir-545,MI0003516
hsa-mir-487b,MI0003530
hsa-mir-92b,MI0003560
hsa-mir-556,MI0003562
hsa-mir-551b,MI0003575
hsa-mir-574,MI0003581
hsa-mir-582,MI0003589
hsa-mir-583,MI0003590
hsa-mir-584,MI0003591
hsa-mir-585,MI0003592
hsa-mir-548a-1,MI0003593
hsa-mir-586,MI0003594
hsa-mir-589,MI0003599
hsa-mir-598,MI0003610
hsa-mir-605,MI0003618
hsa-mir-615,MI0003628
hsa-mir-616,MI0003629
hsa-mir-625,MI0003639
hsa-mir-629,MI0003643
hsa-mir-33b,MI0003646
hsa-mir-637,MI0003652
hsa-mir-449b,MI0003673
hsa-mir-411,MI0003675
hsa-mir-654,MI0003676
hsa-mir-660,MI0003684
hsa-mir-421,MI0003685
hsa-mir-542,MI0003686
hsa-mir-758,MI0003757
hsa-mir-767,MI0003763
hsa-mir-1224,MI0003764
hsa-mir-320b-1,MI0003776
hsa-mir-1296,MI0003780
hsa-mir-1468,MI0003782
hsa-mir-1271,MI0003814
hsa-mir-1301,MI0003815
hsa-mir-449c,MI0003823
hsa-mir-769,MI0003834
hsa-mir-766,MI0003836
hsa-mir-1185-1,MI0003844
hsa-mir-762,MI0003892
hsa-mir-765,MI0005116
hsa-mir-770,MI0005118
hsa-mir-675,MI0005416
hsa-mir-891a,MI0005524
hsa-mir-509-2,MI0005530
hsa-mir-450b,MI0005531
hsa-mir-874,MI0005532
hsa-mir-892b,MI0005538
hsa-mir-889,MI0005540
hsa-mir-875,MI0005541
hsa-mir-876,MI0005542
hsa-mir-708,MI0005543
hsa-mir-744,MI0005559
hsa-mir-885,MI0005560
hsa-mir-873,MI0005564
hsa-mir-509-3,MI0005717
hsa-mir-933,MI0005755
hsa-mir-935,MI0005757
hsa-mir-936,MI0005758
hsa-mir-944,MI0005769
hsa-mir-1180,MI0006273
hsa-mir-1182,MI0006275
hsa-mir-1183,MI0006276
hsa-mir-1225,MI0006311
hsa-mir-1226,MI0006313
hsa-mir-1228,MI0006318
hsa-mir-1231,MI0006321
hsa-mir-1234,MI0006324
hsa-mir-663b,MI0006336
hsa-mir-1207,MI0006340
hsa-mir-1285-1,MI0006346
hsa-mir-1293,MI0006355
hsa-mir-1295a,MI0006357
hsa-mir-548l,MI0006361
hsa-mir-1305,MI0006372
hsa-mir-548f-1,MI0006374
hsa-mir-1246,MI0006381
hsa-mir-1247,MI0006382
hsa-mir-1260a,MI0006394
hsa-mir-1266,MI0006403
hsa-mir-302f,MI0006418
hsa-mir-1281,MI0006428
hsa-mir-1283-2,MI0006430
hsa-mir-1284,MI0006431
hsa-mir-1292,MI0006433
hsa-mir-1252,MI0006434
hsa-mir-1255b-2,MI0006436
hsa-mir-664a,MI0006442
hsa-mir-1307,MI0006444
hsa-mir-1469,MI0007074
hsa-mir-1537,MI0007258
hsa-mir-1909,MI0008330
hsa-mir-1910,MI0008331
hsa-mir-1973,MI0009983
hsa-mir-2110,MI0010629
hsa-mir-2116,MI0010635
hsa-mir-2276,MI0011282
hsa-mir-2861,MI0013006
hsa-mir-3119-2,MI0014135
hsa-mir-3124,MI0014140
hsa-mir-3126,MI0014143
hsa-mir-3127,MI0014144
hsa-mir-3128,MI0014145
hsa-mir-466,MI0014157
hsa-mir-3138,MI0014161
hsa-mir-3139,MI0014162
hsa-mir-3144,MI0014169
hsa-mir-3145,MI0014170
hsa-mir-3147,MI0014173
hsa-mir-3153,MI0014180
hsa-mir-3154,MI0014182
hsa-mir-3160-1,MI0014189
hsa-mir-3162,MI0014192
hsa-mir-323b,MI0014206
hsa-mir-3175,MI0014209
hsa-mir-3178,MI0014212
hsa-mir-3181,MI0014223
hsa-mir-3065,MI0014228
hsa-mir-3186,MI0014229
hsa-mir-320e,MI0014234
hsa-mir-3193,MI0014238
hsa-mir-3194,MI0014239
hsa-mir-3196,MI0014241
hsa-mir-3200,MI0014249
hsa-mir-3201,MI0014250
hsa-mir-378c,MI0015825
hsa-mir-4298,MI0015830
hsa-mir-4257,MI0015856
hsa-mir-4259,MI0015858
hsa-mir-4271,MI0015879
hsa-mir-4286,MI0015894
hsa-mir-3614,MI0016004
hsa-mir-3618,MI0016008
hsa-mir-3622a,MI0016013
hsa-mir-3648-1,MI0016048
hsa-mir-3660,MI0016061
hsa-mir-3661,MI0016062
hsa-mir-3663,MI0016064
hsa-mir-3664,MI0016065
hsa-mir-3675,MI0016076
hsa-mir-3679,MI0016080
hsa-mir-3681,MI0016082
hsa-mir-3911,MI0016415
hsa-mir-3922,MI0016429
hsa-mir-3934,MI0016590
hsa-mir-3935,MI0016591
hsa-mir-3936,MI0016592
hsa-mir-4423,MI0016760
hsa-mir-4431,MI0016771
hsa-mir-4443,MI0016786
hsa-mir-4446,MI0016789
hsa-mir-4449,MI0016792
hsa-mir-3135b,MI0016809
hsa-mir-4470,MI0016821
hsa-mir-4474,MI0016826
hsa-mir-4492,MI0016854
hsa-mir-4507,MI0016871
hsa-mir-4508,MI0016872
hsa-mir-4521,MI0016887
hsa-mir-4536-1,MI0016906
hsa-mir-4638,MI0017265
hsa-mir-4640,MI0017267
hsa-mir-4646,MI0017273
hsa-mir-4653,MI0017281
hsa-mir-4655,MI0017283
hsa-mir-4661,MI0017289
hsa-mir-4664,MI0017294
hsa-mir-4665,MI0017295
hsa-mir-4666a,MI0017296
hsa-mir-219b,MI0017299
hsa-mir-4671,MI0017302
hsa-mir-4673,MI0017304
hsa-mir-4676,MI0017307
hsa-mir-4677,MI0017308
hsa-mir-4682,MI0017314
hsa-mir-4684,MI0017316
hsa-mir-4685,MI0017317
hsa-mir-4687,MI0017319
hsa-mir-4695,MI0017328
hsa-mir-4700,MI0017333
hsa-mir-4701,MI0017334
hsa-mir-4707,MI0017340
hsa-mir-4711,MI0017345
hsa-mir-4713,MI0017347
hsa-mir-4716,MI0017350
hsa-mir-4722,MI0017357
hsa-mir-4723,MI0017359
hsa-mir-451b,MI0017360
hsa-mir-4725,MI0017362
hsa-mir-4726,MI0017363
hsa-mir-4728,MI0017365
hsa-mir-4731,MI0017368
hsa-mir-4732,MI0017369
hsa-mir-3064,MI0017375
hsa-mir-4745,MI0017384
hsa-mir-4749,MI0017388
hsa-mir-371b,MI0017393
hsa-mir-4758,MI0017399
hsa-mir-4763,MI0017404
hsa-mir-4768,MI0017409
hsa-mir-4783,MI0017428
hsa-mir-2467,MI0017432
hsa-mir-4787,MI0017434
hsa-mir-4788,MI0017435
hsa-mir-4791,MI0017438
hsa-mir-4798,MI0017445
hsa-mir-4800,MI0017448
hsa-mir-4803,MI0017451
hsa-mir-5001,MI0017867
hsa-mir-5188,MI0018167
hsa-mir-5584,MI0019141
hsa-mir-5696,MI0019303
hsa-mir-6501,MI0022213
hsa-mir-6513,MI0022225
hsa-mir-6720,MI0022555
hsa-mir-6734,MI0022579
hsa-mir-6737,MI0022582
hsa-mir-6739,MI0022584
hsa-mir-6751,MI0022596
hsa-mir-6759,MI0022604
hsa-mir-6761,MI0022606
hsa-mir-6765,MI0022610
hsa-mir-6768,MI0022613
hsa-mir-6772,MI0022617
hsa-mir-6784,MI0022629
hsa-mir-6787,MI0022632
hsa-mir-6795,MI0022640
hsa-mir-6811,MI0022656
hsa-mir-6812,MI0022657
hsa-mir-6817,MI0022662
hsa-mir-6819,MI0022664
hsa-mir-6824,MI0022669
hsa-mir-6840,MI0022686
hsa-mir-6850,MI0022696
hsa-mir-6856,MI0022702
hsa-mir-6858,MI0022704
hsa-mir-6880,MI0022727
hsa-mir-6881,MI0022728
hsa-mir-6882,MI0022729
hsa-mir-6893,MI0022740
hsa-mir-7108,MI0022959
hsa-mir-7113,MI0022964
hsa-mir-7705,MI0025241
hsa-mir-8077,MI0025913
hsa-let-7a-5p,MIMAT0000062
hsa-let-7b-5p,MIMAT0000063
hsa-let-7c-5p,MIMAT0000064
hsa-let-7d-5p,MIMAT0000065
hsa-let-7e-5p,MIMAT0000066
hsa-let-7f-5p,MIMAT0000067
hsa-miR-15a-5p,MIMAT0000068
hsa-miR-16-5p,MIMAT0000069
hsa-miR-17-5p,MIMAT0000070
hsa-miR-17-3p,MIMAT0000071
hsa-miR-18a-5p,MIMAT0000072
hsa-miR-19a-3p,MIMAT0000073
hsa-miR-19b-3p,MIMAT0000074
hsa-miR-20a-5p,MIMAT0000075
hsa-miR-21-5p,MIMAT0000076
hsa-miR-22-3p,MIMAT0000077
hsa-miR-23a-3p,MIMAT0000078
hsa-miR-24-1-5p,MIMAT0000079
hsa-miR-24-3p,MIMAT0000080
hsa-miR-25-3p,MIMAT0000081
hsa-miR-26a-5p,MIMAT0000082
hsa-miR-26b-5p,MIMAT0000083
hsa-miR-27a-3p,MIMAT0000084
hsa-miR-28-5p,MIMAT0000085
hsa-miR-29a-3p,MIMAT0000086
hsa-miR-30a-5p,MIMAT0000087
hsa-miR-30a-3p,MIMAT0000088
hsa-miR-31-5p,MIMAT0000089
hsa-miR-32-5p,MIMAT0000090
hsa-miR-33a-5p,MIMAT0000091
hsa-miR-92a-3p,MIMAT0000092
hsa-miR-93-5p,MIMAT0000093
hsa-miR-95-3p,MIMAT0000094
hsa-miR-96-5p,MIMAT0000095
hsa-miR-98-5p,MIMAT0000096
hsa-miR-99a-5p,MIMAT0000097
hsa-miR-100-5p,MIMAT0000098
hsa-miR-101-3p,MIMAT0000099
hsa-miR-29b-3p,MIMAT0000100
hsa-miR-103a-3p,MIMAT0000101
hsa-miR-105-5p,MIMAT0000102
hsa-miR-106a-5p,MIMAT0000103
hsa-miR-107,MIMAT0000104
mmu-miR-15b-5p,MIMAT0000124
mmu-miR-23b-3p,MIMAT0000125
mmu-miR-27b-3p,MIMAT0000126
mmu-miR-29b-3p,MIMAT0000127
mmu-miR-30a-5p,MIMAT0000128
mmu-miR-125a-5p,MIMAT0000135
mmu-miR-125b-5p,MIMAT0000136
mmu-miR-128-3p,MIMAT0000140
mmu-miR-9-5p,MIMAT0000142
mmu-miR-134-5p,MIMAT0000146
mmu-miR-137-3p,MIMAT0000149
mmu-miR-145a-5p,MIMAT0000157
mmu-miR-146a-5p,MIMAT0000158
mmu-miR-152-3p,MIMAT0000162
mmu-miR-155-5p,MIMAT0000165
mmu-miR-129-5p,MIMAT0000209
mmu-miR-181a-5p,MIMAT0000210
mmu-miR-182-5p,MIMAT0000211
mmu-miR-185-5p,MIMAT0000214
mmu-miR-24-3p,MIMAT0000219
hsa-miR-192-5p,MIMAT0000222
hsa-miR-196a-5p,MIMAT0000226
hsa-miR-197-3p,MIMAT0000227
hsa-miR-198,MIMAT0000228
mmu-miR-199a-5p,MIMAT0000229
hsa-miR-199a-5p,MIMAT0000231
hsa-miR-199a-3p,MIMAT0000232
mmu-miR-200b-3p,MIMAT0000233
mmu-miR-205-5p,MIMAT0000238
mmu-miR-206-3p,MIMAT0000239
hsa-miR-208a-3p,MIMAT0000241
hsa-miR-129-5p,MIMAT0000242
hsa-miR-148a-3p,MIMAT0000243
hsa-miR-30c-5p,MIMAT0000244
hsa-miR-30d-5p,MIMAT0000245
mmu-miR-122-5p,MIMAT0000246
mmu-miR-143-3p,MIMAT0000247
hsa-miR-139-5p,MIMAT0000250
hsa-miR-147a,MIMAT0000251
hsa-miR-7-5p,MIMAT0000252
hsa-miR-10a-5p,MIMAT0000253
hsa-miR-10b-5p,MIMAT0000254
hsa-miR-34a-5p,MIMAT0000255
hsa-miR-181a-5p,MIMAT0000256
hsa-miR-181b-5p,MIMAT0000257
hsa-miR-181c-5p,MIMAT0000258
hsa-miR-182-5p,MIMAT0000259
hsa-miR-182-3p,MIMAT0000260
hsa-miR-183-5p,MIMAT0000261
hsa-miR-187-3p,MIMAT0000262
hsa-miR-199b-5p,MIMAT0000263
hsa-miR-203a-3p,MIMAT0000264
hsa-miR-204-5p,MIMAT0000265
hsa-miR-205-5p,MIMAT0000266
hsa-miR-210-3p,MIMAT0000267
hsa-miR-211-5p,MIMAT0000268
hsa-miR-212-3p,MIMAT0000269
hsa-miR-181a-3p,MIMAT0000270
hsa-miR-214-3p,MIMAT0000271
hsa-miR-215-5p,MIMAT0000272
hsa-miR-216a-5p,MIMAT0000273
hsa-miR-217-5p,MIMAT0000274
hsa-miR-218-5p,MIMAT0000275
hsa-miR-219a-5p,MIMAT0000276
hsa-miR-221-3p,MIMAT0000278
hsa-miR-222-3p,MIMAT0000279
hsa-miR-223-3p,MIMAT0000280
hsa-miR-224-5p,MIMAT0000281
hsa-miR-200b-3p,MIMAT0000318
mmu-miR-297a-5p,MIMAT0000375
hsa-let-7g-5p,MIMAT0000414
hsa-let-7i-5p,MIMAT0000415
hsa-miR-1-3p,MIMAT0000416
hsa-miR-15b-5p,MIMAT0000417
hsa-miR-23b-3p,MIMAT0000418
hsa-miR-27b-3p,MIMAT0000419
hsa-miR-30b-5p,MIMAT0000420
hsa-miR-122-5p,MIMAT0000421
hsa-miR-124-3p,MIMAT0000422
hsa-miR-125b-5p,MIMAT0000423
hsa-miR-128-3p,MIMAT0000424
hsa-miR-130a-3p,MIMAT0000425
hsa-miR-132-3p,MIMAT0000426
hsa-miR-133a-3p,MIMAT0000427
hsa-miR-135a-5p,MIMAT0000428
hsa-miR-137-3p,MIMAT0000429
hsa-miR-138-5p,MIMAT0000430
hsa-miR-140-5p,MIMAT0000431
hsa-miR-141-3p,MIMAT0000432
hsa-miR-142-5p,MIMAT0000433
hsa-miR-142-3p,MIMAT0000434
hsa-miR-143-3p,MIMAT0000435
hsa-miR-144-3p,MIMAT0000436
hsa-miR-145-5p,MIMAT0000437
hsa-miR-152-3p,MIMAT0000438
hsa-miR-153-3p,MIMAT0000439
hsa-miR-191-5p,MIMAT0000440
hsa-miR-9-5p,MIMAT0000441
hsa-miR-9-3p,MIMAT0000442
hsa-miR-125a-5p,MIMAT0000443
hsa-miR-126-5p,MIMAT0000444
hsa-miR-126-3p,MIMAT0000445
hsa-miR-127-3p,MIMAT0000446
hsa-miR-134-5p,MIMAT0000447
hsa-miR-136-5p,MIMAT0000448
hsa-miR-146a-5p,MIMAT0000449
hsa-miR-149-5p,MIMAT0000450
hsa-miR-150-5p,MIMAT0000451
hsa-miR-154-5p,MIMAT0000452
hsa-miR-154-3p,MIMAT0000453
hsa-miR-184,MIMAT0000454
hsa-miR-185-5p,MIMAT0000455
hsa-miR-186-5p,MIMAT0000456
hsa-miR-188-5p,MIMAT0000457
hsa-miR-190a-5p,MIMAT0000458
hsa-miR-193a-3p,MIMAT0000459
hsa-miR-194-5p,MIMAT0000460
hsa-miR-195-5p,MIMAT0000461
hsa-miR-206,MIMAT0000462
hsa-miR-320a-3p,MIMAT0000510
mmu-miR-30d-5p,MIMAT0000515
mmu-let-7a-5p,MIMAT0000521
mmu-let-7c-5p,MIMAT0000523
mmu-miR-15a-5p,MIMAT0000526
mmu-miR-16-5p,MIMAT0000527
mmu-miR-20a-5p,MIMAT0000529
mmu-miR-21a-5p,MIMAT0000530
mmu-miR-22-3p,MIMAT0000531
mmu-miR-23a-3p,MIMAT0000532
mmu-miR-29c-3p,MIMAT0000536
mmu-miR-27a-3p,MIMAT0000537
mmu-miR-93-5p,MIMAT0000540
mmu-miR-96-5p,MIMAT0000541
mmu-miR-34a-5p,MIMAT0000542
mmu-miR-103-3p,MIMAT0000546
mmu-miR-322-5p,MIMAT0000548
rno-miR-338-3p,MIMAT0000581
mmu-miR-338-3p,MIMAT0000582
mmu-miR-135b-5p,MIMAT0000612
hsa-miR-200c-3p,MIMAT0000617
hsa-miR-155-5p,MIMAT0000646
mmu-miR-107-3p,MIMAT0000647
mmu-miR-17-5p,MIMAT0000649
mmu-miR-19a-3p,MIMAT0000651
mmu-miR-25-3p,MIMAT0000652
mmu-miR-100-5p,MIMAT0000655
mmu-miR-200c-3p,MIMAT0000657
mmu-miR-210-3p,MIMAT0000658
mmu-miR-218-5p,MIMAT0000663
mmu-miR-223-3p,MIMAT0000665
mmu-miR-222-3p,MIMAT0000670
mmu-miR-224-5p,MIMAT0000671
mmu-miR-181b-5p,MIMAT0000673
mmu-miR-7a-5p,MIMAT0000677
mmu-miR-217-5p,MIMAT0000679
hsa-miR-106b-5p,MIMAT0000680
hsa-miR-29c-3p,MIMAT0000681
hsa-miR-200a-3p,MIMAT0000682
hsa-miR-302a-5p,MIMAT0000683
hsa-miR-302a-3p,MIMAT0000684
hsa-miR-34b-5p,MIMAT0000685
hsa-miR-34c-5p,MIMAT0000686
hsa-miR-299-3p,MIMAT0000687
hsa-miR-301a-3p,MIMAT0000688
hsa-miR-99b-5p,MIMAT0000689
hsa-miR-296-5p,MIMAT0000690
hsa-miR-130b-3p,MIMAT0000691
hsa-miR-30e-5p,MIMAT0000692
hsa-miR-30e-3p,MIMAT0000693
hsa-miR-361-5p,MIMAT0000703
hsa-miR-362-5p,MIMAT0000705
hsa-miR-363-3p,MIMAT0000707
hsa-miR-365a-3p,MIMAT0000710
hsa-miR-302b-5p,MIMAT0000714
hsa-miR-302b-3p,MIMAT0000715
hsa-miR-302c-5p,MIMAT0000716
hsa-miR-302c-3p,MIMAT0000717
hsa-miR-302d-3p,MIMAT0000718
hsa-miR-367-3p,MIMAT0000719
hsa-miR-376c-3p,MIMAT0000720
hsa-miR-369-3p,MIMAT0000721
hsa-miR-370-3p,MIMAT0000722
hsa-miR-371a-3p,MIMAT0000723
hsa-miR-372-3p,MIMAT0000724
hsa-miR-373-5p,MIMAT0000725
hsa-miR-373-3p,MIMAT0000726
hsa-miR-374a-5p,MIMAT0000727
hsa-miR-375-3p,MIMAT0000728
hsa-miR-376a-3p,MIMAT0000729
hsa-miR-377-3p,MIMAT0000730
hsa-miR-378a-5p,MIMAT0000731
hsa-miR-378a-3p,MIMAT0000732
hsa-miR-378,MIMAT0000732
hsa-miR-379-5p,MIMAT0000733
hsa-miR-380-5p,MIMAT0000734
hsa-miR-380-3p,MIMAT0000735
hsa-miR-381-3p,MIMAT0000736
hsa-miR-382-5p,MIMAT0000737
hsa-miR-383-5p,MIMAT0000738
mmu-miR-375-3p,MIMAT0000739
hsa-miR-340-3p,MIMAT0000750
hsa-miR-330-3p,MIMAT0000751
hsa-miR-328-3p,MIMAT0000752
hsa-miR-342-3p,MIMAT0000753
hsa-miR-337-3p,MIMAT0000754
hsa-miR-323a-3p,MIMAT0000755
hsa-miR-326,MIMAT0000756
hsa-miR-151a-3p,MIMAT0000757
hsa-miR-135b-5p,MIMAT0000758
hsa-miR-148b-3p,MIMAT0000759
hsa-miR-331-3p,MIMAT0000760
hsa-miR-324-5p,MIMAT0000761
hsa-miR-324-3p,MIMAT0000762
hsa-miR-338-3p,MIMAT0000763
hsa-miR-339-5p,MIMAT0000764
hsa-miR-335-5p,MIMAT0000765
hsa-miR-133b,MIMAT0000770
hsa-miR-325,MIMAT0000771
hsa-miR-345-5p,MIMAT0000772
hsa-miR-346,MIMAT0000773
rno-miR-10a-5p,MIMAT0000782
rno-miR-16-5p,MIMAT0000785
rno-miR-23a-3p,MIMAT0000792
rno-miR-26b-5p,MIMAT0000797
rno-miR-124-3p,MIMAT0000828
rno-miR-145-5p,MIMAT0000851
rno-miR-146a-5p,MIMAT0000852
rno-miR-196a-5p,MIMAT0000871
rno-miR-218a-5p,MIMAT0000888
rno-miR-219a-5p,MIMAT0000889
ebv-miR-BHRF1-2-5p,MIMAT0000996
ebv-miR-BHRF1-3,MIMAT0000998
hsa-miR-384,MIMAT0001075
hsa-miR-196b-5p,MIMAT0001080
hsa-miR-422a,MIMAT0001339
hsa-miR-423-3p,MIMAT0001340
hsa-miR-424-5p,MIMAT0001341
hsa-miR-425-3p,MIMAT0001343
hsa-miR-18b-5p,MIMAT0001412
hsa-miR-20b-5p,MIMAT0001413
hsa-miR-448,MIMAT0001532
hsa-miR-429,MIMAT0001536
hsa-miR-449a,MIMAT0001541
mmu-miR-449a-5p,MIMAT0001542
hsa-miR-450a-5p,MIMAT0001545
rno-miR-365-3p,MIMAT0001549
hsa-miR-191-3p,MIMAT0001618
hsa-miR-200a-5p,MIMAT0001620
hsa-miR-369-5p,MIMAT0001621
hsa-miR-431-5p,MIMAT0001625
hsa-miR-433-3p,MIMAT0001627
hsa-miR-329-3p,MIMAT0001629
hsa-miR-323b-5p,MIMAT0001630
hsa-miR-451a,MIMAT0001631
mmu-miR-451a,MIMAT0001632
hsa-miR-452-5p,MIMAT0001635
hsa-miR-409-5p,MIMAT0001638
hsa-miR-409-3p,MIMAT0001639
mmu-miR-468-3p,MIMAT0002109
hsa-miR-412-3p,MIMAT0002170
hsa-miR-410-3p,MIMAT0002171
hsa-miR-376b-3p,MIMAT0002172
hsa-miR-483-3p,MIMAT0002173
hsa-miR-484,MIMAT0002174
hsa-miR-485-5p,MIMAT0002175
hsa-miR-485-3p,MIMAT0002176
hsa-miR-486-5p,MIMAT0002177
hsa-miR-487a-3p,MIMAT0002178
kshv-miR-K12-10a-3p,MIMAT0002179
kshv-miR-K12-4-5p,MIMAT0002191
kshv-miR-K12-3-5p,MIMAT0002193
hsa-miR-489-3p,MIMAT0002805
hsa-miR-490-3p,MIMAT0002806
hsa-miR-491-5p,MIMAT0002807
hsa-miR-146b-5p,MIMAT0002809
hsa-miR-202-5p,MIMAT0002810
hsa-miR-202-3p,MIMAT0002811
hsa-miR-492,MIMAT0002812
hsa-miR-493-5p,MIMAT0002813
hsa-miR-432-5p,MIMAT0002814
hsa-miR-432-3p,MIMAT0002815
hsa-miR-494-3p,MIMAT0002816
hsa-miR-495-3p,MIMAT0002817
hsa-miR-496,MIMAT0002818
hsa-miR-193b-3p,MIMAT0002819
hsa-miR-497-5p,MIMAT0002820
hsa-miR-181d-5p,MIMAT0002821
hsa-miR-512-5p,MIMAT0002822
hsa-miR-512-3p,MIMAT0002823
hsa-miR-498-5p,MIMAT0002824
hsa-miR-520e-3p,MIMAT0002825
hsa-miR-515-5p,MIMAT0002826
hsa-miR-515-3p,MIMAT0002827
hsa-miR-519e-5p,MIMAT0002828
hsa-miR-519e-3p,MIMAT0002829
hsa-miR-520f-3p,MIMAT0002830
hsa-miR-519c-5p,MIMAT0002831
hsa-miR-519c-3p,MIMAT0002832
hsa-miR-520a-5p,MIMAT0002833
hsa-miR-520a-3p,MIMAT0002834
hsa-miR-526b-5p,MIMAT0002835
hsa-miR-526b-3p,MIMAT0002836
hsa-miR-519b-3p,MIMAT0002837
hsa-miR-525-5p,MIMAT0002838
hsa-miR-523-3p,MIMAT0002840
hsa-miR-518f-5p,MIMAT0002841
hsa-miR-518f-3p,MIMAT0002842
hsa-miR-520b-3p,MIMAT0002843
hsa-miR-518b,MIMAT0002844
hsa-miR-526a-5p,MIMAT0002845
hsa-miR-520c-3p,MIMAT0002846
hsa-miR-518c-5p,MIMAT0002847
hsa-miR-518c-3p,MIMAT0002848
hsa-miR-524-5p,MIMAT0002849
hsa-miR-524-3p,MIMAT0002850
hsa-miR-517-5p,MIMAT0002851
hsa-miR-517a-3p,MIMAT0002852
hsa-miR-519d-3p,MIMAT0002853
hsa-miR-521,MIMAT0002854
hsa-miR-520d-5p,MIMAT0002855
hsa-miR-520d-3p,MIMAT0002856
hsa-miR-517b-3p,MIMAT0002857
hsa-miR-520g-3p,MIMAT0002858
hsa-miR-516b-5p,MIMAT0002859
hsa-miR-516b-3p,MIMAT0002860
hsa-miR-518e-3p,MIMAT0002861
hsa-miR-518a-3p,MIMAT0002863
hsa-miR-518d-3p,MIMAT0002864
hsa-miR-517c-3p,MIMAT0002866
hsa-miR-520h,MIMAT0002867
hsa-miR-522-3p,MIMAT0002868
hsa-miR-519a-3p,MIMAT0002869
hsa-miR-499a-5p,MIMAT0002870
hsa-miR-500a-3p,MIMAT0002871
hsa-miR-501-5p,MIMAT0002872
hsa-miR-502-5p,MIMAT0002873
hsa-miR-503-5p,MIMAT0002874
hsa-miR-504-5p,MIMAT0002875
hsa-miR-505-3p,MIMAT0002876
hsa-miR-513a-5p,MIMAT0002877
hsa-miR-506-3p,MIMAT0002878
hsa-miR-507,MIMAT0002879
hsa-miR-508-3p,MIMAT0002880
hsa-miR-509-3p,MIMAT0002881
hsa-miR-510-5p,MIMAT0002882
hsa-miR-514a-3p,MIMAT0002883
hsa-miR-532-5p,MIMAT0002888
hsa-miR-299-5p,MIMAT0002890
hsa-miR-18a-3p,MIMAT0002891
mmu-miR-489-3p,MIMAT0003112
mmu-miR-484,MIMAT0003127
hsa-miR-455-5p,MIMAT0003150
hsa-miR-493-3p,MIMAT0003161
hsa-miR-493,MIMAT0003161
hsa-miR-539-5p,MIMAT0003163
hsa-miR-544a,MIMAT0003164
hsa-miR-545-3p,MIMAT0003165
hsa-miR-487b-3p,MIMAT0003180
mmu-miR-494-3p,MIMAT0003182
mmu-miR-20b-5p,MIMAT0003187
rno-miR-485-5p,MIMAT0003203
hsa-miR-551a,MIMAT0003214
hsa-miR-552-3p,MIMAT0003215
hsa-miR-553,MIMAT0003216
hsa-miR-554,MIMAT0003217
hsa-miR-92b-3p,MIMAT0003218
hsa-miR-555,MIMAT0003219
hsa-miR-556-5p,MIMAT0003220
hsa-miR-557,MIMAT0003221
hsa-miR-558,MIMAT0003222
hsa-miR-559,MIMAT0003223
hsa-miR-561-3p,MIMAT0003225
hsa-miR-562,MIMAT0003226
hsa-miR-563,MIMAT0003227
hsa-miR-564,MIMAT0003228
hsa-miR-566,MIMAT0003230
hsa-miR-567,MIMAT0003231
hsa-miR-568,MIMAT0003232
hsa-miR-551b-3p,MIMAT0003233
hsa-miR-569,MIMAT0003234
hsa-miR-570-3p,MIMAT0003235
hsa-miR-571,MIMAT0003236
hsa-miR-572,MIMAT0003237
hsa-miR-573,MIMAT0003238
hsa-miR-574-3p,MIMAT0003239
hsa-miR-575,MIMAT0003240
hsa-miR-576-5p,MIMAT0003241
hsa-miR-577,MIMAT0003242
hsa-miR-578,MIMAT0003243
hsa-miR-579-3p,MIMAT0003244
hsa-miR-580-3p,MIMAT0003245
hsa-miR-581,MIMAT0003246
hsa-miR-582-5p,MIMAT0003247
hsa-miR-583,MIMAT0003248
hsa-miR-584-5p,MIMAT0003249
hsa-miR-585-3p,MIMAT0003250
hsa-miR-548a-3p,MIMAT0003251
hsa-miR-586,MIMAT0003252
hsa-miR-587,MIMAT0003253
hsa-miR-548b-3p,MIMAT0003254
hsa-miR-588,MIMAT0003255
hsa-miR-589-3p,MIMAT0003256
hsa-miR-550a-3p,MIMAT0003257
hsa-miR-590-5p,MIMAT0003258
hsa-miR-591,MIMAT0003259
hsa-miR-592,MIMAT0003260
hsa-miR-593-5p,MIMAT0003261
hsa-miR-595,MIMAT0003263
hsa-miR-596,MIMAT0003264
hsa-miR-597-5p,MIMAT0003265
hsa-miR-598-3p,MIMAT0003266
hsa-miR-599,MIMAT0003267
hsa-miR-601,MIMAT0003269
hsa-miR-602,MIMAT0003270
hsa-miR-603,MIMAT0003271
hsa-miR-604,MIMAT0003272
hsa-miR-605-5p,MIMAT0003273
hsa-miR-606,MIMAT0003274
hsa-miR-608,MIMAT0003276
hsa-miR-609,MIMAT0003277
hsa-miR-610,MIMAT0003278
hsa-miR-611,MIMAT0003279
hsa-miR-612,MIMAT0003280
hsa-miR-613,MIMAT0003281
hsa-miR-614,MIMAT0003282
hsa-miR-615-3p,MIMAT0003283
hsa-miR-548c-3p,MIMAT0003285
hsa-miR-617,MIMAT0003286
hsa-miR-618,MIMAT0003287
hsa-miR-619-3p,MIMAT0003288
hsa-miR-620,MIMAT0003289
hsa-miR-621,MIMAT0003290
hsa-miR-622,MIMAT0003291
hsa-miR-623,MIMAT0003292
hsa-miR-624-5p,MIMAT0003293
hsa-miR-625-5p,MIMAT0003294
hsa-miR-627-5p,MIMAT0003296
hsa-miR-628-3p,MIMAT0003297
hsa-miR-629-3p,MIMAT0003298
hsa-miR-630,MIMAT0003299
hsa-miR-631,MIMAT0003300
hsa-miR-33b-5p,MIMAT0003301
hsa-miR-632,MIMAT0003302
hsa-miR-633,MIMAT0003303
hsa-miR-634,MIMAT0003304
hsa-miR-635,MIMAT0003305
hsa-miR-636,MIMAT0003306
hsa-miR-637,MIMAT0003307
hsa-miR-638,MIMAT0003308
hsa-miR-639,MIMAT0003309
hsa-miR-640,MIMAT0003310
hsa-miR-641,MIMAT0003311
hsa-miR-642a-5p,MIMAT0003312
hsa-miR-643,MIMAT0003313
hsa-miR-644a,MIMAT0003314
hsa-miR-645,MIMAT0003315
hsa-miR-647,MIMAT0003317
hsa-miR-648,MIMAT0003318
hsa-miR-649,MIMAT0003319
hsa-miR-650,MIMAT0003320
hsa-miR-651-5p,MIMAT0003321
hsa-miR-652-3p,MIMAT0003322
hsa-miR-548d-3p,MIMAT0003323
hsa-miR-661,MIMAT0003324
hsa-miR-662,MIMAT0003325
hsa-miR-663a,MIMAT0003326
hsa-miR-449b-5p,MIMAT0003327
hsa-miR-653-5p,MIMAT0003328
hsa-miR-411-5p,MIMAT0003329
hsa-miR-654-5p,MIMAT0003330
hsa-miR-655-3p,MIMAT0003331
hsa-miR-656-3p,MIMAT0003332
hsa-miR-549a-3p,MIMAT0003333
hsa-miR-657,MIMAT0003335
hsa-miR-658,MIMAT0003336
hsa-miR-659-3p,MIMAT0003337
hsa-miR-660-5p,MIMAT0003338
hsa-miR-421,MIMAT0003339
hsa-miR-542-5p,MIMAT0003340
hcmv-miR-UL70-5p,MIMAT0003342
sv40-miR-S1-5p,MIMAT0003344
mmu-miR-302d-3p,MIMAT0003377
hsa-miR-363-5p,MIMAT0003385
hsa-miR-376a-5p,MIMAT0003386
hsa-miR-542-3p,MIMAT0003389
hsa-miR-425,MIMAT0003393
hsa-miR-425-5p,MIMAT0003393
ebv-miR-BART3-3p,MIMAT0003411
ebv-miR-BART13-3p,MIMAT0003424
ebv-miR-BART14-5p,MIMAT0003425
mmu-miR-491-5p,MIMAT0003486
mmu-miR-703,MIMAT0003493
kshv-miR-K12-12-5p,MIMAT0003712
ebv-miR-BART16,MIMAT0003714
ebv-miR-BART20-5p,MIMAT0003719
mmu-miR-374b-5p,MIMAT0003727
mmu-miR-592-5p,MIMAT0003730
mmu-miR-671-5p,MIMAT0003731
bta-miR-132,MIMAT0003812
bta-miR-181c,MIMAT0003817
hsa-miR-758-3p,MIMAT0003879
hsa-miR-671-5p,MIMAT0003880
hsa-miR-668-3p,MIMAT0003881
hsa-miR-767-5p,MIMAT0003882
hsa-miR-767-3p,MIMAT0003883
hsa-miR-454-3p,MIMAT0003885
hsa-miR-769-5p,MIMAT0003886
hsa-miR-769-3p,MIMAT0003887
hsa-miR-766-3p,MIMAT0003888
hsa-miR-765,MIMAT0003945
hsa-miR-770-5p,MIMAT0003948
hsa-miR-802,MIMAT0004185
mmu-miR-744-5p,MIMAT0004187
hsa-miR-675-5p,MIMAT0004284
hsa-miR-297,MIMAT0004450
hsa-let-7a-3p,MIMAT0004481
hsa-let-7b-3p,MIMAT0004482
hsa-let-7d-3p,MIMAT0004484
hsa-let-7e-3p,MIMAT0004485
hsa-let-7f-1-3p,MIMAT0004486
hsa-let-7f-2-3p,MIMAT0004487
hsa-miR-15a-3p,MIMAT0004488
hsa-miR-16-1-3p,MIMAT0004489
hsa-miR-19a-5p,MIMAT0004490
hsa-miR-19b-1-5p,MIMAT0004491
hsa-miR-20a-3p,MIMAT0004493
hsa-miR-21-3p,MIMAT0004494
hsa-miR-22-5p,MIMAT0004495
hsa-miR-23a-5p,MIMAT0004496
hsa-miR-24-2-5p,MIMAT0004497
hsa-miR-25-5p,MIMAT0004498
hsa-miR-26a-1-3p,MIMAT0004499
hsa-miR-26b-3p,MIMAT0004500
hsa-miR-27a-5p,MIMAT0004501
hsa-miR-28-3p,MIMAT0004502
hsa-miR-29a-5p,MIMAT0004503
hsa-miR-31-3p,MIMAT0004504
hsa-miR-32-3p,MIMAT0004505
hsa-miR-33a-3p,MIMAT0004506
hsa-miR-92a-1-5p,MIMAT0004507
hsa-miR-92a-2-5p,MIMAT0004508
hsa-miR-93-3p,MIMAT0004509
hsa-miR-96-3p,MIMAT0004510
hsa-miR-99a-3p,MIMAT0004511
hsa-miR-100-3p,MIMAT0004512
hsa-miR-101-5p,MIMAT0004513
hsa-miR-29b-1-5p,MIMAT0004514
hsa-miR-29b-2-5p,MIMAT0004515
hsa-miR-105-3p,MIMAT0004516
hsa-miR-106a-3p,MIMAT0004517
hsa-miR-16-2-3p,MIMAT0004518
hsa-miR-192-3p,MIMAT0004543
hsa-miR-129-1-3p,MIMAT0004548
hsa-miR-148a-5p,MIMAT0004549
hsa-miR-30c-2-3p,MIMAT0004550
hsa-miR-30d-3p,MIMAT0004551
hsa-miR-139-3p,MIMAT0004552
hsa-miR-7-1-3p,MIMAT0004553
hsa-miR-7-2-3p,MIMAT0004554
hsa-miR-10a-3p,MIMAT0004555
hsa-miR-10b-3p,MIMAT0004556
hsa-miR-34a-3p,MIMAT0004557
hsa-miR-181c-3p,MIMAT0004559
hsa-miR-183-3p,MIMAT0004560
hsa-miR-187-5p,MIMAT0004561
hsa-miR-196a-3p,MIMAT0004562
hsa-miR-199b-3p,MIMAT0004563
hsa-miR-214-5p,MIMAT0004564
hsa-miR-218-1-3p,MIMAT0004565
hsa-miR-218-2-3p,MIMAT0004566
hsa-miR-219a-1-3p,MIMAT0004567
hsa-miR-221-5p,MIMAT0004568
hsa-miR-222-5p,MIMAT0004569
hsa-miR-200b-5p,MIMAT0004571
mmu-miR-106b-3p,MIMAT0004582
hsa-let-7i-3p,MIMAT0004585
hsa-miR-15b-3p,MIMAT0004586
hsa-miR-23b-5p,MIMAT0004587
hsa-miR-27b-5p,MIMAT0004588
hsa-miR-30b-3p,MIMAT0004589
hsa-miR-122-3p,MIMAT0004590
hsa-miR-124-5p,MIMAT0004591
hsa-miR-125b-1-3p,MIMAT0004592
hsa-miR-130a-5p,MIMAT0004593
hsa-miR-132-5p,MIMAT0004594
hsa-miR-135a-3p,MIMAT0004595
hsa-miR-138-2-3p,MIMAT0004596
hsa-miR-140-3p,MIMAT0004597
hsa-miR-141-5p,MIMAT0004598
hsa-miR-143-5p,MIMAT0004599
hsa-miR-144-5p,MIMAT0004600
hsa-miR-145-3p,MIMAT0004601
hsa-miR-125a-3p,MIMAT0004602
hsa-miR-125b-2-3p,MIMAT0004603
hsa-miR-127-5p,MIMAT0004604
hsa-miR-129-2-3p,MIMAT0004605
hsa-miR-136-3p,MIMAT0004606
hsa-miR-138-1-3p,MIMAT0004607
hsa-miR-146a-3p,MIMAT0004608
hsa-miR-149-3p,MIMAT0004609
hsa-miR-150-3p,MIMAT0004610
hsa-miR-185-3p,MIMAT0004611
hsa-miR-186-3p,MIMAT0004612
hsa-miR-188-3p,MIMAT0004613
hsa-miR-193a-5p,MIMAT0004614
hsa-miR-195-3p,MIMAT0004615
hsa-miR-200c-5p,MIMAT0004657
hsa-miR-155-3p,MIMAT0004658
mmu-miR-199b,MIMAT0004667
hsa-miR-194-3p,MIMAT0004671
hsa-miR-106b-3p,MIMAT0004672
hsa-miR-29c-5p,MIMAT0004673
hsa-miR-30c-1-3p,MIMAT0004674
hsa-miR-219a-2-3p,MIMAT0004675
hsa-miR-34b,MIMAT0004676
hsa-miR-34b-3p,MIMAT0004676
hsa-miR-34c-3p,MIMAT0004677
hsa-miR-99b-3p,MIMAT0004678
hsa-miR-296-3p,MIMAT0004679
hsa-miR-130b-5p,MIMAT0004680
hsa-miR-26a-2-3p,MIMAT0004681
hsa-miR-361-3p,MIMAT0004682
hsa-miR-362-3p,MIMAT0004683
hsa-miR-302d-5p,MIMAT0004685
hsa-miR-367-5p,MIMAT0004686
hsa-miR-371a-5p,MIMAT0004687
hsa-miR-374a-3p,MIMAT0004688
hsa-miR-340-5p,MIMAT0004692
hsa-miR-340,MIMAT0004692
hsa-miR-330-5p,MIMAT0004693
hsa-miR-342-5p,MIMAT0004694
hsa-miR-323a-5p,MIMAT0004696
hsa-miR-151a-5p,MIMAT0004697
hsa-miR-135b-3p,MIMAT0004698
hsa-miR-148b-5p,MIMAT0004699
hsa-miR-331-5p,MIMAT0004700
hsa-miR-338-5p,MIMAT0004701
hsa-miR-339-3p,MIMAT0004702
hsa-miR-335-3p,MIMAT0004703
hsa-miR-423-5p,MIMAT0004748
hsa-miR-424-3p,MIMAT0004749
mmu-miR-425,MIMAT0004750
hsa-miR-20b-3p,MIMAT0004752
hcmv-miR-US25-1-3p,MIMAT0004755
hsa-miR-431-3p,MIMAT0004757
hsa-miR-483-5p,MIMAT0004761
hsa-miR-486-3p,MIMAT0004762
hsa-miR-488,MIMAT0004763
hsa-miR-488-3p,MIMAT0004763
hsa-miR-490-5p,MIMAT0004764
hsa-miR-491-3p,MIMAT0004765
hsa-miR-146b-3p,MIMAT0004766
hsa-miR-193b-5p,MIMAT0004767
hsa-miR-497-3p,MIMAT0004768
hsa-miR-516a-5p,MIMAT0004770
hsa-miR-499a-3p,MIMAT0004772
hsa-miR-500,MIMAT0004773
hsa-miR-500a-5p,MIMAT0004773
hsa-miR-501-3p,MIMAT0004774
hsa-miR-502-3p,MIMAT0004775
hsa-miR-505-5p,MIMAT0004776
hsa-miR-513a-3p,MIMAT0004777
hsa-miR-508-5p,MIMAT0004778
hsa-miR-509-5p,MIMAT0004779
hsa-miR-532-3p,MIMAT0004780
mmu-miR-483,MIMAT0004782
hsa-miR-455-3p,MIMAT0004784
hsa-miR-545-5p,MIMAT0004785
hsa-miR-92b-5p,MIMAT0004792
hsa-miR-556-3p,MIMAT0004793
hsa-miR-551b-5p,MIMAT0004794
hsa-miR-574-5p,MIMAT0004795
hsa-miR-576-3p,MIMAT0004796
hsa-miR-582-3p,MIMAT0004797
hsa-miR-548b-5p,MIMAT0004798
hsa-miR-589-5p,MIMAT0004799
hsa-miR-589,MIMAT0004799
hsa-miR-550,MIMAT0004800
hsa-miR-550a-5p,MIMAT0004800
hsa-miR-590-3p,MIMAT0004801
hsa-miR-593,MIMAT0004802
hsa-miR-593-3p,MIMAT0004802
hsa-miR-615-5p,MIMAT0004804
hsa-miR-616,MIMAT0004805
hsa-miR-548c-5p,MIMAT0004806
hsa-miR-624,MIMAT0004807
hsa-miR-624-3p,MIMAT0004807
hsa-miR-625-3p,MIMAT0004808
hsa-miR-628-5p,MIMAT0004809
hsa-miR-629,MIMAT0004810
hsa-miR-629-5p,MIMAT0004810
hsa-miR-33b-3p,MIMAT0004811
hsa-miR-548d-5p,MIMAT0004812
hsa-miR-411-3p,MIMAT0004813
hsa-miR-654-3p,MIMAT0004814
hsa-miR-671-3p,MIMAT0004819
ebv-miR-BART18-3p,MIMAT0004835
hsa-miR-298,MIMAT0004901
hsa-miR-891a-5p,MIMAT0004902
hsa-miR-300,MIMAT0004903
hsa-miR-892a,MIMAT0004907
hsa-miR-450b-5p,MIMAT0004909
hsa-miR-874-3p,MIMAT0004911
hsa-miR-891b,MIMAT0004913
hsa-miR-888-5p,MIMAT0004916
hsa-miR-892b,MIMAT0004918
hsa-miR-541-5p,MIMAT0004919
hsa-miR-541-3p,MIMAT0004920
hsa-miR-889-3p,MIMAT0004921
hsa-miR-875-5p,MIMAT0004922
hsa-miR-875-3p,MIMAT0004923
hsa-miR-876-3p,MIMAT0004925
hsa-miR-708-5p,MIMAT0004926
hsa-miR-147b-3p,MIMAT0004928
hsa-miR-190b-5p,MIMAT0004929
mmu-miR-653-5p,MIMAT0004943
hsa-miR-744-5p,MIMAT0004945
hsa-miR-744-3p,MIMAT0004946
hsa-miR-885-5p,MIMAT0004947
hsa-miR-885-3p,MIMAT0004948
hsa-miR-877-5p,MIMAT0004949
hsa-miR-877-3p,MIMAT0004950
hsa-miR-887-3p,MIMAT0004951
hsa-miR-665,MIMAT0004952
hsa-miR-873-5p,MIMAT0004953
hsa-miR-543,MIMAT0004954
hsa-miR-374b-5p,MIMAT0004955
hsa-miR-374b-3p,MIMAT0004956
hsa-miR-760,MIMAT0004957
hsa-miR-301b-3p,MIMAT0004958
hsa-miR-216b-5p,MIMAT0004959
hsa-miR-208b-3p,MIMAT0004960
hsa-miR-920,MIMAT0004970
hsa-miR-921,MIMAT0004971
hsa-miR-922,MIMAT0004972
hsa-miR-924,MIMAT0004974
hsa-miR-509-3-5p,MIMAT0004975
hsa-miR-933,MIMAT0004976
hsa-miR-934,MIMAT0004977
hsa-miR-935,MIMAT0004978
hsa-miR-936,MIMAT0004979
hsa-miR-937-3p,MIMAT0004980
hsa-miR-938,MIMAT0004981
hsa-miR-939-5p,MIMAT0004982
hsa-miR-940,MIMAT0004983
hsa-miR-941,MIMAT0004984
hsa-miR-942-5p,MIMAT0004985
hsa-miR-944,MIMAT0004987
hsa-miR-523-5p,MIMAT0005449
hsa-miR-518e-5p,MIMAT0005450
hsa-miR-522-5p,MIMAT0005451
hsa-miR-519a-5p,MIMAT0005452
hsa-miR-519b-5p,MIMAT0005454
hsa-miR-520c-5p,MIMAT0005455
hsa-miR-518a-5p,MIMAT0005457
hsa-miR-1224-5p,MIMAT0005458
hsa-miR-1224-3p,MIMAT0005459
hsa-miR-1225-5p,MIMAT0005572
hsa-miR-1225-3p,MIMAT0005573
hsa-miR-1226-5p,MIMAT0005576
hsa-miR-1226-3p,MIMAT0005577
hsa-miR-1228-5p,MIMAT0005582
hsa-miR-1228-3p,MIMAT0005583
hsa-miR-1229-3p,MIMAT0005584
hsa-miR-1231,MIMAT0005586
hsa-miR-1233-3p,MIMAT0005588
hsa-miR-1234-3p,MIMAT0005589
hsa-miR-1236-3p,MIMAT0005591
hsa-miR-1237-3p,MIMAT0005592
hsa-miR-1238-3p,MIMAT0005593
hsa-miR-513b-5p,MIMAT0005788
hsa-miR-513c-5p,MIMAT0005789
hsa-miR-1264,MIMAT0005791
hsa-miR-320b,MIMAT0005792
hsa-miR-320c,MIMAT0005793
hsa-miR-1296-5p,MIMAT0005794
hsa-miR-1323,MIMAT0005795
hsa-miR-1271-5p,MIMAT0005796
hsa-miR-1301-3p,MIMAT0005797
hsa-miR-1283,MIMAT0005799
hsa-miR-1298-5p,MIMAT0005800
hsa-miR-1178-3p,MIMAT0005823
hsa-miR-1179,MIMAT0005824
hsa-miR-1180-3p,MIMAT0005825
hsa-miR-1181,MIMAT0005826
hsa-miR-1182,MIMAT0005827
hsa-miR-1183,MIMAT0005828
hsa-miR-1200,MIMAT0005863
hsa-miR-1202,MIMAT0005865
hsa-miR-1203,MIMAT0005866
hsa-miR-663b,MIMAT0005867
hsa-miR-1204,MIMAT0005868
hsa-miR-1205,MIMAT0005869
hsa-miR-1206,MIMAT0005870
hsa-miR-1207-5p,MIMAT0005871
hsa-miR-1207-3p,MIMAT0005872
hsa-miR-1208,MIMAT0005873
hsa-miR-548e-3p,MIMAT0005874
hsa-miR-548j-5p,MIMAT0005875
hsa-miR-1285-3p,MIMAT0005876
hsa-miR-1287-5p,MIMAT0005878
hsa-miR-1289,MIMAT0005879
hsa-miR-1290,MIMAT0005880
hsa-miR-1291,MIMAT0005881
hsa-miR-548k,MIMAT0005882
hsa-miR-1293,MIMAT0005883
hsa-miR-1294,MIMAT0005884
hsa-miR-1295a,MIMAT0005885
hsa-miR-1297,MIMAT0005886
hsa-miR-1299,MIMAT0005887
hsa-miR-1302,MIMAT0005890
hsa-miR-1303,MIMAT0005891
hsa-miR-1304-5p,MIMAT0005892
hsa-miR-1305,MIMAT0005893
hsa-miR-1243,MIMAT0005894
hsa-miR-548f-3p,MIMAT0005895
hsa-miR-1244,MIMAT0005896
hsa-miR-1245a,MIMAT0005897
hsa-miR-1246,MIMAT0005898
hsa-miR-1247-5p,MIMAT0005899
hsa-miR-1248,MIMAT0005900
hsa-miR-1249-3p,MIMAT0005901
hsa-miR-1250-5p,MIMAT0005902
hsa-miR-1253,MIMAT0005904
hsa-miR-1254,MIMAT0005905
hsa-miR-1255a,MIMAT0005906
hsa-miR-1256,MIMAT0005907
hsa-miR-1257,MIMAT0005908
hsa-miR-1258,MIMAT0005909
hsa-miR-1260a,MIMAT0005911
hsa-miR-1261,MIMAT0005913
hsa-miR-1262,MIMAT0005914
hsa-miR-548m,MIMAT0005917
hsa-miR-1265,MIMAT0005918
hsa-miR-548o-3p,MIMAT0005919
hsa-miR-1266-5p,MIMAT0005920
hsa-miR-1267,MIMAT0005921
hsa-miR-1268a,MIMAT0005922
hsa-miR-1269a,MIMAT0005923
hsa-miR-1270,MIMAT0005924
hsa-miR-1272,MIMAT0005925
hsa-miR-1273a,MIMAT0005926
hsa-miR-1273,MIMAT0005926
hsa-miR-548h-5p,MIMAT0005928
hsa-miR-1275,MIMAT0005929
hsa-miR-1276,MIMAT0005930
hsa-miR-302e,MIMAT0005931
hsa-miR-1277-3p,MIMAT0005933
hsa-miR-548i,MIMAT0005935
hsa-miR-1278,MIMAT0005936
hsa-miR-1279,MIMAT0005937
hsa-miR-1281,MIMAT0005939
hsa-miR-1284,MIMAT0005941
hsa-miR-1288-3p,MIMAT0005942
hsa-miR-1292-5p,MIMAT0005943
hsa-miR-1252-5p,MIMAT0005944
hsa-miR-1255b-5p,MIMAT0005945
hsa-miR-664a-5p,MIMAT0005948
hsa-miR-664a-3p,MIMAT0005949
hsa-miR-1306-3p,MIMAT0005950
hsa-miR-1307-3p,MIMAT0005951
hsa-miR-1321,MIMAT0005952
hsa-miR-1197,MIMAT0005955
hsa-miR-320d,MIMAT0006764
hsa-miR-1825,MIMAT0006765
hsa-miR-1468-5p,MIMAT0006789
hsa-miR-675-3p,MIMAT0006790
hsa-miR-1469,MIMAT0007347
hsa-miR-1470,MIMAT0007348
hsa-miR-1471,MIMAT0007349
hsa-miR-1538,MIMAT0007400
hsa-miR-1539,MIMAT0007401
hsa-miR-103b,MIMAT0007402
hsa-miR-1908-5p,MIMAT0007881
hsa-miR-1909-5p,MIMAT0007882
hsa-miR-1909-3p,MIMAT0007883
hsa-miR-1910-5p,MIMAT0007884
hsa-miR-1911-5p,MIMAT0007885
hsa-miR-1911-3p,MIMAT0007886
hsa-miR-1913,MIMAT0007888
hsa-miR-1914-5p,MIMAT0007889
hsa-miR-1914-3p,MIMAT0007890
hsa-miR-1915-5p,MIMAT0007891
hsa-miR-1915-3p,MIMAT0007892
hsv1-miR-H6-3p,MIMAT0008404
hsa-miR-103a-2-5p,MIMAT0009196
hsa-miR-205-3p,MIMAT0009197
hsa-miR-224-3p,MIMAT0009198
hsa-miR-365a-5p,MIMAT0009199
hsa-miR-196b-3p,MIMAT0009201
hsa-miR-449b-3p,MIMAT0009203
hsa-miR-2113,MIMAT0009206
hsa-miR-1972,MIMAT0009447
hsa-miR-1973,MIMAT0009448
hsa-miR-1975,MIMAT0009450
hsa-miR-1976,MIMAT0009451
hsa-miR-1979,MIMAT0009454
mmu-miR-1983,MIMAT0009455
hsa-miR-2110,MIMAT0010133
hsa-let-7a-2-3p,MIMAT0010195
hsa-miR-151b,MIMAT0010214
hsa-miR-449c-5p,MIMAT0010251
hsa-miR-762,MIMAT0010313
hsa-miR-670-5p,MIMAT0010357
hsa-miR-761,MIMAT0010364
hsa-miR-764,MIMAT0010367
hsa-miR-2114-5p,MIMAT0011156
hsa-miR-2114-3p,MIMAT0011157
hsa-miR-2115-3p,MIMAT0011159
hsa-miR-2116-5p,MIMAT0011160
hsa-miR-2116-3p,MIMAT0011161
hsa-miR-2117,MIMAT0011162
hsa-miR-548q,MIMAT0011163
hsa-miR-2276-3p,MIMAT0011775
hsa-miR-2277-3p,MIMAT0011777
hsa-miR-2278,MIMAT0011778
hsa-miR-711,MIMAT0012734
hsa-miR-718,MIMAT0012735
rno-miR-665,MIMAT0012844
hsa-miR-2682-5p,MIMAT0013517
hsa-miR-2861,MIMAT0013802
hsv2-miR-H7-5p,MIMAT0014351
hsv2-miR-H9-3p,MIMAT0014352
hsv2-miR-H19,MIMAT0014701
hsv2-miR-H24,MIMAT0014707
hsv2-miR-H25,MIMAT0014708
hsa-miR-3115,MIMAT0014977
hsa-miR-3116,MIMAT0014978
hsa-miR-3117-3p,MIMAT0014979
hsa-miR-3119,MIMAT0014981
hsa-miR-3120-3p,MIMAT0014982
hsa-miR-3122,MIMAT0014984
hsa-miR-3123,MIMAT0014985
hsa-miR-3124-5p,MIMAT0014986
hsa-miR-548s,MIMAT0014987
hsa-miR-3125,MIMAT0014988
hsa-miR-3126-5p,MIMAT0014989
hsa-miR-3127-5p,MIMAT0014990
hsa-miR-3128,MIMAT0014991
hsa-miR-3129-5p,MIMAT0014992
hsa-miR-3130-5p,MIMAT0014995
hsa-miR-3131,MIMAT0014996
hsa-miR-3132,MIMAT0014997
hsa-miR-3133,MIMAT0014998
hsa-miR-378b,MIMAT0014999
hsa-miR-3135a,MIMAT0015001
hsa-miR-466,MIMAT0015002
hsa-miR-3136-5p,MIMAT0015003
hsa-miR-544b,MIMAT0015004
hsa-miR-3137,MIMAT0015005
hsa-miR-3138,MIMAT0015006
hsa-miR-3139,MIMAT0015007
hsa-miR-3141,MIMAT0015010
hsa-miR-3142,MIMAT0015011
hsa-miR-3143,MIMAT0015012
hsa-miR-3144-5p,MIMAT0015014
hsa-miR-3145-3p,MIMAT0015016
hsa-miR-1273c,MIMAT0015017
hsa-miR-3146,MIMAT0015018
hsa-miR-3147,MIMAT0015019
hsa-miR-3149,MIMAT0015022
hsa-miR-3151-5p,MIMAT0015024
hsa-miR-3153,MIMAT0015026
hsa-miR-3074-3p,MIMAT0015027
hsa-miR-3154,MIMAT0015028
hsa-miR-3156-5p,MIMAT0015030
hsa-miR-3157-5p,MIMAT0015031
hsa-miR-3158-3p,MIMAT0015032
hsa-miR-3161,MIMAT0015035
hsa-miR-3162-5p,MIMAT0015036
hsa-miR-3163,MIMAT0015037
hsa-miR-3164,MIMAT0015038
hsa-miR-3165,MIMAT0015039
hsa-miR-1260b,MIMAT0015041
hsa-miR-3167,MIMAT0015042
hsa-miR-3168,MIMAT0015043
hsa-miR-3172,MIMAT0015047
hsa-miR-3173-3p,MIMAT0015048
hsa-miR-323b-3p,MIMAT0015050
hsa-miR-3174,MIMAT0015051
hsa-miR-3175,MIMAT0015052
hsa-miR-3176,MIMAT0015053
hsa-miR-3177-3p,MIMAT0015054
hsa-miR-3178,MIMAT0015055
hsa-miR-3179,MIMAT0015056
hsa-miR-3180-5p,MIMAT0015057
hsa-miR-3180-3p,MIMAT0015058
hsa-miR-3181,MIMAT0015061
hsa-miR-3182,MIMAT0015062
hsa-miR-3183,MIMAT0015063
hsa-miR-3184-5p,MIMAT0015064
hsa-miR-3185,MIMAT0015065
hsa-miR-3065-5p,MIMAT0015066
hsa-miR-3186-5p,MIMAT0015067
hsa-miR-3186-3p,MIMAT0015068
hsa-miR-3187-3p,MIMAT0015069
hsa-miR-3188,MIMAT0015070
hsa-miR-3189-3p,MIMAT0015071
hsa-miR-320e,MIMAT0015072
hsa-miR-3190-5p,MIMAT0015073
hsa-miR-3193,MIMAT0015077
hsa-miR-3194-5p,MIMAT0015078
hsa-miR-3195,MIMAT0015079
hsa-miR-3196,MIMAT0015080
hsa-miR-3197,MIMAT0015082
hsa-miR-3198,MIMAT0015083
hsa-miR-3200-3p,MIMAT0015085
hsa-miR-3201,MIMAT0015086
hsa-miR-514b-5p,MIMAT0015087
hsa-miR-514b-3p,MIMAT0015088
hsa-miR-3202,MIMAT0015089
hsa-miR-1273d,MIMAT0015090
kshv-miR-K12-10a-5p,MIMAT0015212
kshv-miR-K12-5-5p,MIMAT0015218
hsv2-miR-H7-3p,MIMAT0015375
hsa-miR-3126-3p,MIMAT0015377
hsa-miR-3065-3p,MIMAT0015378
ppy-miR-1269,MIMAT0016193
hsa-miR-4297,MIMAT0016846
hsa-miR-378c,MIMAT0016847
hsa-miR-4293,MIMAT0016848
hsa-miR-4294,MIMAT0016849
hsa-miR-4301,MIMAT0016850
hsa-miR-4299,MIMAT0016851
hsa-miR-4298,MIMAT0016852
hsa-miR-4304,MIMAT0016854
hsa-miR-4303,MIMAT0016856
hsa-miR-4306,MIMAT0016858
hsa-miR-4308,MIMAT0016861
hsa-miR-4310,MIMAT0016862
hsa-miR-4311,MIMAT0016863
hsa-miR-4312,MIMAT0016864
hsa-miR-4313,MIMAT0016865
hsa-miR-4315,MIMAT0016866
hsa-miR-4314,MIMAT0016868
hsa-miR-4319,MIMAT0016870
hsa-miR-4317,MIMAT0016872
hsa-miR-4322,MIMAT0016873
hsa-miR-4321,MIMAT0016874
hsa-miR-4323,MIMAT0016875
hsa-miR-4324,MIMAT0016876
hsa-miR-4257,MIMAT0016878
hsa-miR-4258,MIMAT0016879
hsa-miR-4259,MIMAT0016880
hsa-miR-4253,MIMAT0016882
hsa-miR-4251,MIMAT0016883
hsa-miR-4255,MIMAT0016885
hsa-miR-4252,MIMAT0016886
hsa-miR-4325,MIMAT0016887
hsa-miR-4327,MIMAT0016889
hsa-miR-4261,MIMAT0016890
hsa-miR-4262,MIMAT0016894
hsa-miR-2355-5p,MIMAT0016895
hsa-miR-4268,MIMAT0016896
hsa-miR-4269,MIMAT0016897
hsa-miR-4270,MIMAT0016900
hsa-miR-4271,MIMAT0016901
hsa-miR-4273,MIMAT0016903
hsa-miR-4275,MIMAT0016905
hsa-miR-4274,MIMAT0016906
hsa-miR-4281,MIMAT0016907
hsa-miR-4277,MIMAT0016908
hsa-miR-4279,MIMAT0016909
hsa-miR-4285,MIMAT0016913
hsa-miR-4284,MIMAT0016915
hsa-miR-4286,MIMAT0016916
hsa-miR-4288,MIMAT0016918
hsa-miR-4292,MIMAT0016919
hsa-miR-4289,MIMAT0016920
hsa-miR-4290,MIMAT0016921
hsa-miR-4291,MIMAT0016922
hsa-miR-4329,MIMAT0016923
hsa-miR-500b-5p,MIMAT0016925
mmu-miR-132-5p,MIMAT0016984
rno-let-7a-2-3p,MIMAT0017086
hsa-miR-2277-5p,MIMAT0017352
hsa-miR-3200-5p,MIMAT0017392
hsa-miR-2355-3p,MIMAT0017950
hsa-miR-3605-5p,MIMAT0017981
hsa-miR-3607-5p,MIMAT0017984
hsa-miR-3607-3p,MIMAT0017985
hsa-miR-3609,MIMAT0017986
hsa-miR-3610,MIMAT0017987
hsa-miR-3611,MIMAT0017988
hsa-miR-3613-5p,MIMAT0017990
hsa-miR-3613-3p,MIMAT0017991
hsa-miR-3614-5p,MIMAT0017992
hsa-miR-3615,MIMAT0017994
hsa-miR-3617-5p,MIMAT0017997
hsa-miR-3619-5p,MIMAT0017999
hsa-miR-23c,MIMAT0018000
hsa-miR-3620-3p,MIMAT0018001
hsa-miR-3621,MIMAT0018002
hsa-miR-3622a-5p,MIMAT0018003
hsa-miR-3622b-5p,MIMAT0018005
hsa-miR-3646,MIMAT0018065
hsa-miR-3648,MIMAT0018068
hsa-miR-3651,MIMAT0018071
hsa-miR-3652,MIMAT0018072
hsa-miR-3653,MIMAT0018073
hsa-miR-3654,MIMAT0018074
hsa-miR-3655,MIMAT0018075
hsa-miR-3656,MIMAT0018076
hsa-miR-3658,MIMAT0018078
hsa-miR-3659,MIMAT0018080
hsa-miR-3660,MIMAT0018081
hsa-miR-3661,MIMAT0018082
hsa-miR-3662,MIMAT0018083
hsa-miR-3663-3p,MIMAT0018085
hsa-miR-3664-5p,MIMAT0018086
hsa-miR-3665,MIMAT0018087
hsa-miR-3673,MIMAT0018096
hsa-miR-3674,MIMAT0018097
hsa-miR-3675-3p,MIMAT0018099
hsa-miR-3676-3p,MIMAT0018100
hsa-miR-3676,MIMAT0018100
hsa-miR-3679-5p,MIMAT0018104
hsa-miR-3679-3p,MIMAT0018105
hsa-miR-3681-5p,MIMAT0018108
hsa-miR-3681-3p,MIMAT0018109
hsa-miR-3682-3p,MIMAT0018110
hsa-miR-3687,MIMAT0018115
hsa-miR-3691-5p,MIMAT0018120
hsa-miR-3692-5p,MIMAT0018121
hsa-miR-3180,MIMAT0018178
hsa-miR-3907,MIMAT0018179
hsa-miR-3909,MIMAT0018183
hsa-miR-3910,MIMAT0018184
hsa-miR-3911,MIMAT0018185
hsa-miR-3913-5p,MIMAT0018187
hsa-miR-3915,MIMAT0018189
hsa-miR-3917,MIMAT0018191
hsa-miR-3918,MIMAT0018192
hsa-miR-3919,MIMAT0018193
hsa-miR-3150b-3p,MIMAT0018194
hsa-miR-3921,MIMAT0018196
hsa-miR-3922-3p,MIMAT0018197
hsa-miR-3927-3p,MIMAT0018202
hsa-miR-676-5p,MIMAT0018203
hsa-miR-676-3p,MIMAT0018204
hsa-miR-3928-3p,MIMAT0018205
hsa-miR-3929,MIMAT0018206
hsa-miR-3934-5p,MIMAT0018349
hsa-miR-3935,MIMAT0018350
hsa-miR-3937,MIMAT0018352
hsa-miR-3940-3p,MIMAT0018356
hsa-miR-3941,MIMAT0018357
hsa-miR-3944-3p,MIMAT0018360
hsa-miR-3945,MIMAT0018361
hsa-miR-374c-5p,MIMAT0018443
hsa-miR-642b-3p,MIMAT0018444
hsa-miR-548aa,MIMAT0018447
hsa-miR-1268b,MIMAT0018925
hsa-miR-378d,MIMAT0018926
hsa-miR-378e,MIMAT0018927
hsa-miR-548ab,MIMAT0018928
hsa-miR-4417,MIMAT0018929
hsa-miR-4419a,MIMAT0018931
hsa-miR-378f,MIMAT0018932
hsa-miR-4420,MIMAT0018933
hsa-miR-4422,MIMAT0018935
hsa-miR-4423-3p,MIMAT0018936
hsa-miR-378g,MIMAT0018937
hsa-miR-4424,MIMAT0018939
hsa-miR-4425,MIMAT0018940
hsa-miR-4426,MIMAT0018941
hsa-miR-4427,MIMAT0018942
hsa-miR-4428,MIMAT0018943
hsa-miR-4429,MIMAT0018944
hsa-miR-4430,MIMAT0018945
hsa-miR-4433a-3p,MIMAT0018949
hsa-miR-4436a,MIMAT0018952
hsa-miR-4438,MIMAT0018956
hsa-miR-4440,MIMAT0018958
hsa-miR-4441,MIMAT0018959
hsa-miR-4442,MIMAT0018960
hsa-miR-4443,MIMAT0018961
hsa-miR-4444,MIMAT0018962
hsa-miR-4446-3p,MIMAT0018965
hsa-miR-4447,MIMAT0018966
hsa-miR-4448,MIMAT0018967
hsa-miR-4449,MIMAT0018968
hsa-miR-548ag,MIMAT0018969
hsa-miR-4450,MIMAT0018971
hsa-miR-548ah-5p,MIMAT0018972
hsa-miR-4451,MIMAT0018973
hsa-miR-4454,MIMAT0018976
hsa-miR-4455,MIMAT0018977
hsa-miR-4456,MIMAT0018978
hsa-miR-4458,MIMAT0018980
hsa-miR-4459,MIMAT0018981
hsa-miR-4461,MIMAT0018983
hsa-miR-378h,MIMAT0018984
hsa-miR-3135b,MIMAT0018985
hsa-miR-4462,MIMAT0018986
hsa-miR-4463,MIMAT0018987
hsa-miR-548aj-3p,MIMAT0018990
hsa-miR-4465,MIMAT0018992
hsa-miR-4466,MIMAT0018993
hsa-miR-4467,MIMAT0018994
hsa-miR-4472,MIMAT0018999
hsa-miR-4473,MIMAT0019000
hsa-miR-4474-3p,MIMAT0019001
hsa-miR-4476,MIMAT0019003
hsa-miR-4477a,MIMAT0019004
hsa-miR-4478,MIMAT0019006
hsa-miR-4479,MIMAT0019011
hsa-miR-4481,MIMAT0019015
hsa-miR-4483,MIMAT0019017
hsa-miR-4484,MIMAT0019018
hsa-miR-4485-3p,MIMAT0019019
hsa-miR-4486,MIMAT0019020
hsa-miR-4487,MIMAT0019021
hsa-miR-4488,MIMAT0019022
hsa-miR-4492,MIMAT0019027
hsa-miR-4495,MIMAT0019030
hsa-miR-4496,MIMAT0019031
hsa-miR-4497,MIMAT0019032
hsa-miR-4498,MIMAT0019033
hsa-miR-4419b,MIMAT0019034
hsa-miR-4499,MIMAT0019035
hsa-miR-4501,MIMAT0019037
hsa-miR-4502,MIMAT0019038
hsa-miR-4503,MIMAT0019039
hsa-miR-4505,MIMAT0019041
hsa-miR-2392,MIMAT0019043
hsa-miR-4507,MIMAT0019044
hsa-miR-4508,MIMAT0019045
hsa-miR-4511,MIMAT0019048
hsa-miR-4512,MIMAT0019049
hsa-miR-4513,MIMAT0019050
hsa-miR-4515,MIMAT0019052
hsa-miR-4516,MIMAT0019053
hsa-miR-4521,MIMAT0019058
hsa-miR-1269b,MIMAT0019059
hsa-miR-4525,MIMAT0019064
hsa-miR-4529-3p,MIMAT0019068
hsa-miR-4530,MIMAT0019069
hsa-miR-4532,MIMAT0019071
hsa-miR-4533,MIMAT0019072
hsa-miR-4534,MIMAT0019073
hsa-miR-378i,MIMAT0019074
hsa-miR-4535,MIMAT0019075
hsa-miR-1587,MIMAT0019077
hsa-miR-4538,MIMAT0019081
hsa-miR-4539,MIMAT0019082
hsa-miR-3136-3p,MIMAT0019203
hsa-miR-3145-5p,MIMAT0019205
hsa-miR-3157-3p,MIMAT0019210
hsa-miR-3158-5p,MIMAT0019211
hsa-miR-3162-3p,MIMAT0019213
hsa-miR-3173-5p,MIMAT0019214
hsa-miR-3187-5p,MIMAT0019216
hsa-miR-3194-3p,MIMAT0019218
hsa-miR-3619-3p,MIMAT0019219
hsa-miR-3664-3p,MIMAT0019220
hsa-miR-3688-5p,MIMAT0019223
hsa-miR-3150b-5p,MIMAT0019226
hsa-miR-3925-3p,MIMAT0019228
hsa-miR-3940-5p,MIMAT0019229
hsa-miR-3942-3p,MIMAT0019230
hsa-miR-4423-5p,MIMAT0019232
hsa-miR-3960,MIMAT0019337
hsa-miR-3978,MIMAT0019363
hsa-miR-4634,MIMAT0019691
hsa-miR-4636,MIMAT0019693
hsa-miR-4638-3p,MIMAT0019696
hsa-miR-4639-5p,MIMAT0019697
hsa-miR-4640-5p,MIMAT0019699
hsa-miR-4644,MIMAT0019704
hsa-miR-4645-5p,MIMAT0019705
hsa-miR-4645-3p,MIMAT0019706
hsa-miR-4646-5p,MIMAT0019707
hsa-miR-4647,MIMAT0019709
hsa-miR-4648,MIMAT0019710
hsa-miR-4649-5p,MIMAT0019711
hsa-miR-4649-3p,MIMAT0019712
hsa-miR-4650-5p,MIMAT0019713
hsa-miR-4651,MIMAT0019715
hsa-miR-4653-3p,MIMAT0019719
hsa-miR-4654,MIMAT0019720
hsa-miR-4655-5p,MIMAT0019721
hsa-miR-4655-3p,MIMAT0019722
hsa-miR-4656,MIMAT0019723
hsa-miR-4657,MIMAT0019724
hsa-miR-4659a-3p,MIMAT0019727
hsa-miR-4661-5p,MIMAT0019729
hsa-miR-4661-3p,MIMAT0019730
hsa-miR-4659b-3p,MIMAT0019734
hsa-miR-4662b,MIMAT0019736
hsa-miR-4664-5p,MIMAT0019737
hsa-miR-4664-3p,MIMAT0019738
hsa-miR-4665-5p,MIMAT0019739
hsa-miR-4665-3p,MIMAT0019740
hsa-miR-4667-5p,MIMAT0019743
hsa-miR-4668-5p,MIMAT0019745
hsa-miR-219b-5p,MIMAT0019747
hsa-miR-4669,MIMAT0019749
hsa-miR-4671-5p,MIMAT0019752
hsa-miR-4672,MIMAT0019754
hsa-miR-4673,MIMAT0019755
hsa-miR-4674,MIMAT0019756
hsa-miR-4675,MIMAT0019757
hsa-miR-4676-3p,MIMAT0019759
hsa-miR-4677-3p,MIMAT0019761
hsa-miR-4678,MIMAT0019762
hsa-miR-4683,MIMAT0019768
hsa-miR-4684-3p,MIMAT0019770
hsa-miR-4685-5p,MIMAT0019771
hsa-miR-4687-3p,MIMAT0019775
hsa-miR-1343-3p,MIMAT0019776
hsa-miR-4688,MIMAT0019777
hsa-miR-4689,MIMAT0019778
hsa-miR-4690-5p,MIMAT0019779
hsa-miR-4695-5p,MIMAT0019788
hsa-miR-4695-3p,MIMAT0019789
hsa-miR-4697-5p,MIMAT0019791
hsa-miR-4698,MIMAT0019793
hsa-miR-4699-5p,MIMAT0019794
hsa-miR-4700-3p,MIMAT0019797
hsa-miR-4701-5p,MIMAT0019798
hsa-miR-4701-3p,MIMAT0019799
hsa-miR-4703-3p,MIMAT0019802
hsa-miR-4704-5p,MIMAT0019803
hsa-miR-4706,MIMAT0019806
hsa-miR-4707-5p,MIMAT0019807
hsa-miR-4708-5p,MIMAT0019809
hsa-miR-4708-3p,MIMAT0019810
hsa-miR-203b-5p,MIMAT0019813
hsa-miR-203b-3p,MIMAT0019814
hsa-miR-4710,MIMAT0019815
hsa-miR-4713-5p,MIMAT0019820
hsa-miR-4713-3p,MIMAT0019821
hsa-miR-4714-5p,MIMAT0019822
hsa-miR-4714-3p,MIMAT0019823
hsa-miR-4716-3p,MIMAT0019827
hsa-miR-4717-5p,MIMAT0019829
hsa-miR-4720-5p,MIMAT0019833
hsa-miR-4721,MIMAT0019835
hsa-miR-4722-5p,MIMAT0019836
hsa-miR-4722-3p,MIMAT0019837
hsa-miR-4725-5p,MIMAT0019843
hsa-miR-4725-3p,MIMAT0019844
hsa-miR-4726-5p,MIMAT0019845
hsa-miR-4728-5p,MIMAT0019849
hsa-miR-4730,MIMAT0019852
hsa-miR-4731-5p,MIMAT0019853
hsa-miR-4732-5p,MIMAT0019855
hsa-miR-4732-3p,MIMAT0019856
hsa-miR-4734,MIMAT0019859
hsa-miR-3064-3p,MIMAT0019865
hsa-miR-4738-3p,MIMAT0019867
hsa-miR-4739,MIMAT0019868
hsa-miR-4741,MIMAT0019871
hsa-miR-4742-5p,MIMAT0019872
hsa-miR-4743-5p,MIMAT0019874
hsa-miR-122b-5p,MIMAT0019876
hsa-miR-122b-3p,MIMAT0019877
hsa-miR-4745-5p,MIMAT0019878
hsa-miR-4745-3p,MIMAT0019879
hsa-miR-4746-5p,MIMAT0019880
hsa-miR-4746-3p,MIMAT0019881
hsa-miR-4749-5p,MIMAT0019885
hsa-miR-4749-3p,MIMAT0019886
hsa-miR-4750-5p,MIMAT0019887
hsa-miR-4753-3p,MIMAT0019891
hsa-miR-371b-5p,MIMAT0019892
hsa-miR-371b-3p,MIMAT0019893
hsa-miR-4758-5p,MIMAT0019903
hsa-miR-4758-3p,MIMAT0019904
hsa-miR-4763-5p,MIMAT0019912
hsa-miR-4763-3p,MIMAT0019913
hsa-miR-4764-3p,MIMAT0019915
hsa-miR-4766-3p,MIMAT0019918
hsa-miR-4767,MIMAT0019919
hsa-miR-4768-5p,MIMAT0019920
hsa-miR-4768-3p,MIMAT0019921
hsa-miR-4769-3p,MIMAT0019923
hsa-miR-4776-3p,MIMAT0019933
hsa-miR-4778-5p,MIMAT0019936
hsa-miR-4779,MIMAT0019938
hsa-miR-4436b-5p,MIMAT0019940
hsa-miR-4783-3p,MIMAT0019947
hsa-miR-4785,MIMAT0019949
hsa-miR-1245b-5p,MIMAT0019950
hsa-miR-1245b-3p,MIMAT0019951
hsa-miR-2467-3p,MIMAT0019953
hsa-miR-4786-3p,MIMAT0019955
hsa-miR-4787-5p,MIMAT0019956
hsa-miR-4787-3p,MIMAT0019957
hsa-miR-4788,MIMAT0019958
hsa-miR-4789-3p,MIMAT0019960
hsa-miR-4791,MIMAT0019963
hsa-miR-4792,MIMAT0019964
hsa-miR-4793-5p,MIMAT0019965
hsa-miR-4794,MIMAT0019967
hsa-miR-4796-3p,MIMAT0019971
hsa-miR-4797-5p,MIMAT0019972
hsa-miR-4798-5p,MIMAT0019974
hsa-miR-4800-5p,MIMAT0019978
hsa-miR-4800-3p,MIMAT0019979
hsa-miR-4803,MIMAT0019983
hsa-miR-5047,MIMAT0020541
hsa-miR-5095,MIMAT0020600
hsa-miR-1273g-5p,MIMAT0020602
hsa-miR-1273g,MIMAT0020602
hsa-miR-5096,MIMAT0020603
hsa-miR-642a-3p,MIMAT0020924
hsa-miR-550a-3-5p,MIMAT0020925
hsa-miR-4433a-5p,MIMAT0020956
hsa-miR-4536-3p,MIMAT0020959
hsa-miR-5000-5p,MIMAT0021019
hsa-miR-5000-3p,MIMAT0021020
hsa-miR-5001-5p,MIMAT0021021
hsa-miR-5001-3p,MIMAT0021022
hsa-miR-5002-5p,MIMAT0021023
hsa-miR-5002-3p,MIMAT0021024
hsa-miR-5003-5p,MIMAT0021025
hsa-miR-5004-5p,MIMAT0021027
hsa-miR-5006-5p,MIMAT0021033
hsa-miR-548ap-5p,MIMAT0021037
hsa-miR-5008-5p,MIMAT0021039
hsa-miR-5008-3p,MIMAT0021040
hsa-miR-5009-5p,MIMAT0021041
hsa-miR-5010-5p,MIMAT0021043
hsa-miR-5088-5p,MIMAT0021080
hsa-miR-5090,MIMAT0021082
hsa-miR-5092,MIMAT0021084
hsa-miR-5093,MIMAT0021085
hsa-miR-5094,MIMAT0021086
hsa-miR-5187-5p,MIMAT0021117
hsa-miR-5189-5p,MIMAT0021120
hsa-miR-5190,MIMAT0021121
hsa-miR-5193,MIMAT0021124
hsa-miR-5194,MIMAT0021125
hsa-miR-5195-3p,MIMAT0021127
hsa-miR-5196-5p,MIMAT0021128
hsa-miR-5100,MIMAT0022259
hsa-miR-548aq-5p,MIMAT0022263
hsa-miR-664b-5p,MIMAT0022271
hsa-miR-664b-3p,MIMAT0022272
hsa-miR-5580-3p,MIMAT0022274
hsa-miR-5581-5p,MIMAT0022275
hsa-miR-5581-3p,MIMAT0022276
hsa-miR-548at-5p,MIMAT0022277
hsa-miR-5585-3p,MIMAT0022286
hsa-miR-1295b-5p,MIMAT0022293
hsa-miR-5588-5p,MIMAT0022295
hsa-miR-5588-3p,MIMAT0022296
hsa-miR-5591-5p,MIMAT0022301
hsa-miR-5680,MIMAT0022468
hsa-miR-5683,MIMAT0022472
hsa-miR-5684,MIMAT0022473
hsa-miR-4666b,MIMAT0022485
hsa-miR-5697,MIMAT0022490
hsa-miR-5701,MIMAT0022494
hsa-miR-5703,MIMAT0022496
hsa-miR-197-5p,MIMAT0022691
hsa-miR-204-3p,MIMAT0022693
hsa-miR-211-3p,MIMAT0022694
hsa-miR-212-5p,MIMAT0022695
hsa-miR-301a-5p,MIMAT0022696
hsa-miR-382-3p,MIMAT0022697
hsa-miR-345-3p,MIMAT0022698
hsa-miR-450a-1-3p,MIMAT0022700
hsa-miR-539-3p,MIMAT0022705
hsa-miR-561-5p,MIMAT0022706
hsa-miR-584-3p,MIMAT0022708
hsa-miR-652-5p,MIMAT0022709
hsa-miR-659-5p,MIMAT0022710
hsa-miR-660-3p,MIMAT0022711
hsa-miR-1271-3p,MIMAT0022712
hsa-miR-1185-2-3p,MIMAT0022713
hsa-miR-766-5p,MIMAT0022714
hsa-miR-873-3p,MIMAT0022717
hsa-miR-1285-5p,MIMAT0022719
hsa-miR-1304-3p,MIMAT0022720
hsa-miR-1247-3p,MIMAT0022721
hsa-miR-1306-5p,MIMAT0022726
hsa-miR-1307-5p,MIMAT0022727
hsa-miR-548t-3p,MIMAT0022730
hsa-miR-3184-3p,MIMAT0022731
hsa-miR-550b-2-5p,MIMAT0022737
hsa-miR-548aj-5p,MIMAT0022739
hsa-miR-548am-5p,MIMAT0022740
hsa-miR-3529-3p,MIMAT0022741
hsa-miR-1273g-3p,MIMAT0022742
hsa-miR-365b-5p,MIMAT0022833
hsa-miR-1185-1-3p,MIMAT0022838
hsa-miR-98-3p,MIMAT0022842
hsa-miR-503-3p,MIMAT0022925
hsa-miR-937-5p,MIMAT0022938
hsa-miR-1227-5p,MIMAT0022941
hsa-miR-1229-5p,MIMAT0022942
hsa-miR-1233-5p,MIMAT0022943
hsa-miR-1236-5p,MIMAT0022945
hsa-miR-1237-5p,MIMAT0022946
hsa-miR-3617-3p,MIMAT0022966
hsa-miR-3620-5p,MIMAT0022967
hsa-miR-3934-3p,MIMAT0022975
hsa-miR-4632-5p,MIMAT0022977
hsa-miR-4750-3p,MIMAT0022979
hsa-miR-5739,MIMAT0023116
hsa-miR-5787,MIMAT0023252
hsa-miR-6068,MIMAT0023693
hsa-miR-6069,MIMAT0023694
hsa-miR-6075,MIMAT0023700
hsa-miR-6076,MIMAT0023701
hsa-miR-6077,MIMAT0023702
hsa-miR-6083,MIMAT0023708
hsa-miR-6085,MIMAT0023710
hsa-miR-6086,MIMAT0023711
hsa-miR-6087,MIMAT0023712
hsa-miR-6088,MIMAT0023713
hsa-miR-6089,MIMAT0023714
hsa-miR-6090,MIMAT0023715
cgr-miR-1285,MIMAT0023748
ggo-miR-92b,MIMAT0024120
ggo-miR-345,MIMAT0024207
hsa-miR-6124,MIMAT0024597
hsa-miR-6125,MIMAT0024598
hsa-miR-6126,MIMAT0024599
hsa-miR-6127,MIMAT0024610
hsa-miR-6129,MIMAT0024613
hsa-miR-6131,MIMAT0024615
hsa-miR-6132,MIMAT0024616
hsa-miR-6133,MIMAT0024617
hsa-miR-6134,MIMAT0024618
hsa-miR-6165,MIMAT0024782
hsa-miR-548ay-5p,MIMAT0025452
hsa-miR-6500-5p,MIMAT0025454
hsa-miR-6501-5p,MIMAT0025458
hsa-miR-6502-5p,MIMAT0025460
hsa-miR-6503-3p,MIMAT0025463
hsa-miR-6507-3p,MIMAT0025471
hsa-miR-6508-5p,MIMAT0025472
hsa-miR-6510-5p,MIMAT0025476
hsa-miR-6511a-5p,MIMAT0025478
hsa-miR-6512-5p,MIMAT0025480
hsa-miR-6513-5p,MIMAT0025482
hsa-miR-6513-3p,MIMAT0025483
hsa-miR-6514-5p,MIMAT0025484
hsa-miR-6515-3p,MIMAT0025487
hsa-miR-6716-5p,MIMAT0025844
hsa-miR-6716-3p,MIMAT0025845
hsa-miR-6717-5p,MIMAT0025846
hsa-miR-6511b-3p,MIMAT0025848
hsa-miR-6722-3p,MIMAT0025854
hsa-miR-6723-5p,MIMAT0025855
hsa-miR-6724-5p,MIMAT0025856
hsa-let-7c-3p,MIMAT0026472
hsa-miR-208a-5p,MIMAT0026474
hsa-miR-210-5p,MIMAT0026475
hsa-miR-215-3p,MIMAT0026476
hsa-miR-133a-5p,MIMAT0026478
hsa-miR-152-5p,MIMAT0026479
hsa-miR-153-5p,MIMAT0026480
hsa-miR-370-5p,MIMAT0026483
hsa-miR-372-5p,MIMAT0026484
hsa-miR-328-5p,MIMAT0026486
hsa-miR-489-5p,MIMAT0026605
hsa-miR-511-3p,MIMAT0026606
hsa-miR-494-5p,MIMAT0026607
hsa-miR-504-3p,MIMAT0026612
hsa-miR-487b-5p,MIMAT0026614
hsa-miR-580-5p,MIMAT0026617
hsa-miR-605-3p,MIMAT0026621
hsa-miR-619-5p,MIMAT0026622
hsa-miR-651-3p,MIMAT0026624
hsa-miR-653-3p,MIMAT0026625
hsa-miR-1468-3p,MIMAT0026638
hsa-miR-874-5p,MIMAT0026718
hsa-miR-942-3p,MIMAT0026734
hsa-miR-548j-3p,MIMAT0026737
hsa-miR-1910-3p,MIMAT0026917
hsa-miR-2276-5p,MIMAT0026921
hsa-miR-3151-3p,MIMAT0027026
hsa-miR-500b-3p,MIMAT0027032
hsa-miR-3928-5p,MIMAT0027037
hsa-miR-1343-5p,MIMAT0027038
hsa-miR-5189-3p,MIMAT0027088
hsa-miR-6720-5p,MIMAT0027345
hsa-miR-6727-5p,MIMAT0027355
hsa-miR-6727-3p,MIMAT0027356
hsa-miR-6728-5p,MIMAT0027357
hsa-miR-6729-5p,MIMAT0027359
hsa-miR-6732-5p,MIMAT0027365
hsa-miR-6734-5p,MIMAT0027369
hsa-miR-6734-3p,MIMAT0027370
hsa-miR-6739-5p,MIMAT0027379
hsa-miR-6739-3p,MIMAT0027380
hsa-miR-6743-5p,MIMAT0027387
hsa-miR-6744-5p,MIMAT0027389
hsa-miR-6746-5p,MIMAT0027392
hsa-miR-6747-3p,MIMAT0027395
hsa-miR-6748-5p,MIMAT0027396
hsa-miR-6749-5p,MIMAT0027398
hsa-miR-6752-5p,MIMAT0027404
hsa-miR-6756-5p,MIMAT0027412
hsa-miR-6758-3p,MIMAT0027417
hsa-miR-6759-5p,MIMAT0027418
hsa-miR-6760-3p,MIMAT0027421
hsa-miR-6761-5p,MIMAT0027422
hsa-miR-6763-3p,MIMAT0027427
hsa-miR-6764-5p,MIMAT0027428
hsa-miR-6765-5p,MIMAT0027430
hsa-miR-6765-3p,MIMAT0027431
hsa-miR-6768-5p,MIMAT0027436
hsa-miR-6771-5p,MIMAT0027442
hsa-miR-6772-3p,MIMAT0027445
hsa-miR-6776-5p,MIMAT0027452
hsa-miR-6776-3p,MIMAT0027453
hsa-miR-6777-5p,MIMAT0027454
hsa-miR-6777-3p,MIMAT0027455
hsa-miR-6778-5p,MIMAT0027456
hsa-miR-6779-5p,MIMAT0027458
hsa-miR-6780a-5p,MIMAT0027460
hsa-miR-6781-5p,MIMAT0027462
hsa-miR-6782-5p,MIMAT0027464
hsa-miR-6782-3p,MIMAT0027465
hsa-miR-6783-3p,MIMAT0027467
hsa-miR-6784-3p,MIMAT0027469
hsa-miR-6785-5p,MIMAT0027470
hsa-miR-6785-3p,MIMAT0027471
hsa-miR-6786-5p,MIMAT0027472
hsa-miR-6786-3p,MIMAT0027473
hsa-miR-6787-5p,MIMAT0027474
hsa-miR-6787-3p,MIMAT0027475
hsa-miR-6789-5p,MIMAT0027478
hsa-miR-6790-5p,MIMAT0027480
hsa-miR-6791-5p,MIMAT0027482
hsa-miR-6792-5p,MIMAT0027484
hsa-miR-6794-5p,MIMAT0027488
hsa-miR-6795-3p,MIMAT0027491
hsa-miR-6797-3p,MIMAT0027495
hsa-miR-6798-5p,MIMAT0027496
hsa-miR-6799-5p,MIMAT0027498
hsa-miR-6800-5p,MIMAT0027500
hsa-miR-6800-3p,MIMAT0027501
hsa-miR-6802-5p,MIMAT0027504
hsa-miR-6803-5p,MIMAT0027506
hsa-miR-6805-5p,MIMAT0027510
hsa-miR-6808-5p,MIMAT0027516
hsa-miR-6810-5p,MIMAT0027520
hsa-miR-6810-3p,MIMAT0027521
hsa-miR-6811-5p,MIMAT0027522
hsa-miR-6812-5p,MIMAT0027524
hsa-miR-6812-3p,MIMAT0027525
hsa-miR-6813-5p,MIMAT0027526
hsa-miR-6816-5p,MIMAT0027532
hsa-miR-6817-3p,MIMAT0027535
hsa-miR-6818-5p,MIMAT0027536
hsa-miR-6819-3p,MIMAT0027539
hsa-miR-6820-5p,MIMAT0027540
hsa-miR-6821-5p,MIMAT0027542
hsa-miR-6824-3p,MIMAT0027549
hsa-miR-6825-3p,MIMAT0027551
hsa-miR-6826-5p,MIMAT0027552
hsa-miR-6831-5p,MIMAT0027562
hsa-miR-6780b-3p,MIMAT0027573
hsa-miR-6840-5p,MIMAT0027582
hsa-miR-6840-3p,MIMAT0027583
hsa-miR-6848-3p,MIMAT0027597
hsa-miR-6849-3p,MIMAT0027599
hsa-miR-6850-5p,MIMAT0027600
hsa-miR-6850-3p,MIMAT0027601
hsa-miR-6851-3p,MIMAT0027603
hsa-miR-6855-3p,MIMAT0027611
hsa-miR-6856-3p,MIMAT0027613
hsa-miR-6858-5p,MIMAT0027616
hsa-miR-6858-3p,MIMAT0027617
hsa-miR-6769b-5p,MIMAT0027620
hsa-miR-6860,MIMAT0027622
hsa-miR-6861-5p,MIMAT0027623
hsa-miR-6865-5p,MIMAT0027630
hsa-miR-6865-3p,MIMAT0027631
hsa-miR-6867-5p,MIMAT0027634
hsa-miR-6871-5p,MIMAT0027642
hsa-miR-6872-5p,MIMAT0027644
hsa-miR-6876-5p,MIMAT0027652
hsa-miR-6880-5p,MIMAT0027660
hsa-miR-6880-3p,MIMAT0027661
hsa-miR-6883-5p,MIMAT0027666
hsa-miR-6884-5p,MIMAT0027668
hsa-miR-6885-5p,MIMAT0027670
hsa-miR-6886-5p,MIMAT0027672
hsa-miR-6887-5p,MIMAT0027674
hsa-miR-6888-3p,MIMAT0027677
hsa-miR-6891-5p,MIMAT0027682
hsa-miR-6894-3p,MIMAT0027689
hsa-miR-7106-5p,MIMAT0028109
hsa-miR-7107-5p,MIMAT0028111
hsa-miR-7108-5p,MIMAT0028113
hsa-miR-7108-3p,MIMAT0028114
hsa-miR-7109-5p,MIMAT0028115
hsa-miR-7110-5p,MIMAT0028117
hsa-miR-7112-5p,MIMAT0028121
hsa-miR-7112-3p,MIMAT0028122
hsa-miR-7150,MIMAT0028211
hsa-miR-7151-3p,MIMAT0028213
hsa-miR-7152-3p,MIMAT0028215
hsa-miR-7155-3p,MIMAT0028221
hsa-miR-7161-5p,MIMAT0028232
hsa-miR-7162-3p,MIMAT0028235
hsa-miR-7641,MIMAT0029782
hsa-miR-7704,MIMAT0030019
hsa-miR-4433b-5p,MIMAT0030413
hsa-miR-4433b-3p,MIMAT0030414
hsa-miR-1273h-5p,MIMAT0030415
hsa-miR-6516-3p,MIMAT0030418
hsa-miR-7845-5p,MIMAT0030420
hsa-miR-7847-3p,MIMAT0030422
hsa-miR-7849-3p,MIMAT0030424
hsa-miR-7854-3p,MIMAT0030429
hsa-miR-8060,MIMAT0030987
hsa-miR-8063,MIMAT0030990
hsa-miR-8069,MIMAT0030996
hsa-miR-8071,MIMAT0030998
hsa-miR-8072,MIMAT0030999
hsa-miR-450a-2-3p,MIMAT0031074
hsa-miR-128-2-5p,MIMAT0031095
hsa-miR-7974,MIMAT0031177
hsa-miR-7975,MIMAT0031178
hsa-miR-7977,MIMAT0031180
hsa-miR-181b-2-3p,MIMAT0031893
hsa-miR-3653-5p,MIMAT0032110
hsa-miR-548ad-5p,MIMAT0032114
hsa-miR-548ae-5p,MIMAT0032115
pxy-miR-8495-5p,MIMAT0033704
pxy-miR-2a-3p,MIMAT0033718
pxy-miR-308,MIMAT0033723
pxy-miR-184,MIMAT0033727
pxy-miR-8509,MIMAT0033731
pxy-miR-2756,MIMAT0033749
pxy-miR-283,MIMAT0033786
pxy-miR-2b,MIMAT0033803
pxy-miR-9b-5p,MIMAT0033807
pxy-miR-9b-3p,MIMAT0033808
pxy-miR-274,MIMAT0033814
hsa-miR-498-3p,MIMAT0037323
hsa-miR-12136,MIMAT0049032
